Date,Open,High,Low,Close,Adj Close,Volume
2016-04-28,44.220001,45.349998,43.259998,43.349998,43.349998,796300
2016-04-29,43.330002,43.639999,41.950001,42.730000,42.730000,548300
2016-05-02,42.830002,43.259998,42.270000,42.860001,42.860001,482600
2016-05-03,45.450001,45.720001,41.000000,43.240002,43.240002,1656700
2016-05-04,42.790001,42.939999,41.450001,42.540001,42.540001,690500
2016-05-05,42.570000,43.230000,42.299999,42.400002,42.400002,1232200
2016-05-06,42.250000,43.320000,42.060001,43.259998,43.259998,392100
2016-05-09,43.080002,43.360001,42.230000,42.560001,42.560001,382800
2016-05-10,42.820000,43.060001,42.439999,42.599998,42.599998,369500
2016-05-11,42.480000,43.080002,42.160000,42.410000,42.410000,324700
2016-05-12,42.520000,42.990002,41.930000,42.540001,42.540001,316500
2016-05-13,42.430000,42.980000,42.060001,42.410000,42.410000,343100
2016-05-16,42.480000,43.459999,42.290001,43.110001,43.110001,604700
2016-05-17,42.009998,42.240002,40.590000,40.810001,40.810001,4168100
2016-05-18,40.950001,42.000000,40.910000,41.509998,41.509998,1574300
2016-05-19,41.320000,42.000000,41.220001,41.349998,41.349998,749900
2016-05-20,41.669998,42.400002,41.500000,42.250000,42.250000,661800
2016-05-23,42.040001,42.590000,41.849998,42.169998,42.169998,529500
2016-05-24,42.480000,43.040001,42.130001,42.930000,42.930000,756100
2016-05-25,42.919998,43.400002,42.520000,42.980000,42.980000,896000
2016-05-26,43.189999,43.369999,42.470001,42.939999,42.939999,979900
2016-05-27,42.980000,43.369999,42.669998,43.130001,43.130001,832700
2016-05-31,43.380001,43.380001,42.830002,43.150002,43.150002,512200
2016-06-01,42.919998,43.209999,42.470001,43.139999,43.139999,540900
2016-06-02,43.130001,43.209999,42.779999,43.060001,43.060001,564100
2016-06-03,42.869999,42.869999,42.160000,42.310001,42.310001,552300
2016-06-06,42.250000,42.799999,41.939999,42.630001,42.630001,678400
2016-06-07,42.590000,42.720001,42.040001,42.459999,42.459999,602800
2016-06-08,42.599998,43.320000,42.419998,43.150002,43.150002,780400
2016-06-09,42.930000,43.529999,42.700001,43.439999,43.439999,585200
2016-06-10,43.939999,44.130001,43.400002,43.590000,43.590000,841600
2016-06-13,43.330002,43.709999,42.619999,42.619999,42.619999,559300
2016-06-14,42.360001,43.070000,42.080002,42.820000,42.820000,612500
2016-06-15,43.020000,43.020000,42.180000,42.220001,42.220001,500700
2016-06-16,41.880001,42.459999,41.669998,42.419998,42.419998,577600
2016-06-17,42.500000,43.470001,42.240002,43.369999,43.369999,974400
2016-06-20,43.849998,45.110001,43.470001,44.290001,44.290001,860500
2016-06-21,44.450001,44.730000,43.650002,44.110001,44.110001,361800
2016-06-22,44.110001,45.110001,43.860001,44.610001,44.610001,586400
2016-06-23,45.160000,45.680000,44.689999,45.570000,45.570000,765400
2016-06-24,43.880001,44.930000,43.000000,43.910000,43.910000,2982400
2016-06-27,43.540001,43.900002,42.270000,42.860001,42.860001,1017700
2016-06-28,43.099998,43.730000,42.509998,43.009998,43.009998,771700
2016-06-29,43.430000,44.419998,43.110001,44.150002,44.150002,585400
2016-06-30,44.310001,45.490002,43.889999,45.470001,45.470001,886900
2016-07-01,45.590000,47.099998,44.709999,46.360001,46.360001,1262800
2016-07-05,46.349998,46.599998,45.720001,46.180000,46.180000,613400
2016-07-06,45.549999,47.029999,45.549999,46.619999,46.619999,1495600
2016-07-07,47.000000,47.590000,46.570000,47.020000,47.020000,957200
2016-07-08,47.310001,47.959999,47.200001,47.730000,47.730000,729200
2016-07-11,48.099998,48.820000,47.900002,48.310001,48.310001,955100
2016-07-12,48.520000,48.709999,47.560001,47.730000,47.730000,677900
2016-07-13,47.820000,48.200001,47.520000,47.689999,47.689999,388700
2016-07-14,48.290001,48.779999,47.830002,48.150002,48.150002,616000
2016-07-15,48.389999,48.700001,48.049999,48.250000,48.250000,676000
2016-07-18,48.369999,48.509998,47.860001,47.970001,47.970001,363400
2016-07-19,47.959999,48.110001,47.349998,47.470001,47.470001,477600
2016-07-20,47.619999,48.349998,47.209999,48.119999,48.119999,320300
2016-07-21,48.110001,48.110001,47.340000,47.709999,47.709999,484300
2016-07-22,47.709999,48.330002,47.360001,48.220001,48.220001,315200
2016-07-25,48.139999,48.419998,47.869999,48.130001,48.130001,268900
2016-07-26,48.000000,48.480000,47.959999,48.340000,48.340000,302600
2016-07-27,48.529999,48.959999,46.910000,47.470001,47.470001,1209000
2016-07-28,47.169998,47.810001,47.150002,47.639999,47.639999,412900
2016-07-29,47.500000,47.599998,46.709999,47.020000,47.020000,526900
2016-08-01,46.910000,47.310001,46.470001,46.610001,46.610001,878600
2016-08-02,46.549999,46.970001,46.130001,46.369999,46.369999,759200
2016-08-03,43.750000,46.540001,43.599998,46.480000,46.480000,1850600
2016-08-04,46.349998,46.540001,44.610001,44.860001,44.860001,1146700
2016-08-05,45.000000,45.849998,44.980000,45.549999,45.549999,800300
2016-08-08,45.419998,45.939999,45.119999,45.939999,45.939999,464000
2016-08-09,45.840000,46.099998,45.500000,45.549999,45.549999,262500
2016-08-10,45.480000,45.720001,45.230000,45.450001,45.450001,229200
2016-08-11,45.669998,46.049999,45.299999,45.570000,45.570000,294300
2016-08-12,45.750000,46.029999,45.490002,45.779999,45.779999,440500
2016-08-15,46.020000,46.580002,45.820000,46.310001,46.310001,333600
2016-08-16,46.320000,46.840000,45.900002,46.669998,46.669998,481300
2016-08-17,46.610001,47.009998,46.299999,46.509998,46.509998,573500
2016-08-18,46.549999,46.779999,46.169998,46.459999,46.459999,349900
2016-08-19,46.389999,46.709999,45.900002,46.580002,46.580002,308400
2016-08-22,46.380001,46.790001,45.810001,46.720001,46.720001,262700
2016-08-23,46.880001,47.509998,46.880001,47.169998,47.169998,243100
2016-08-24,47.060001,47.259998,46.540001,46.660000,46.660000,236500
2016-08-25,46.509998,46.639999,46.060001,46.480000,46.480000,194600
2016-08-26,46.400002,47.119999,46.070000,46.360001,46.360001,361700
2016-08-29,46.369999,46.750000,46.369999,46.470001,46.470001,182900
2016-08-30,46.349998,46.880001,46.230000,46.650002,46.650002,255900
2016-08-31,46.529999,46.529999,45.790001,45.980000,45.980000,320000
2016-09-01,46.090000,46.090000,45.189999,45.790001,45.790001,385400
2016-09-02,45.849998,46.560001,45.700001,46.549999,46.549999,220400
2016-09-06,46.720001,46.720001,46.160000,46.320000,46.320000,220900
2016-09-07,45.570000,45.930000,44.369999,44.459999,44.459999,658800
2016-09-08,44.310001,44.770000,44.060001,44.630001,44.630001,465000
2016-09-09,44.360001,44.380001,43.279999,43.310001,43.310001,517200
2016-09-12,42.910000,43.270000,42.419998,43.180000,43.180000,698700
2016-09-13,42.849998,42.980000,41.110001,41.290001,41.290001,890600
2016-09-14,41.410000,41.410000,40.290001,40.810001,40.810001,911300
2016-09-15,40.630001,40.889999,40.160000,40.740002,40.740002,1043800
2016-09-16,40.700001,40.700001,40.090000,40.169998,40.169998,781600
2016-09-19,40.250000,40.980000,40.250000,40.650002,40.650002,371700
2016-09-20,40.810001,40.810001,39.520000,39.529999,39.529999,585900
2016-09-21,39.720001,41.049999,39.500000,41.029999,41.029999,687700
2016-09-22,41.139999,42.320000,41.090000,42.290001,42.290001,740700
2016-09-23,42.279999,42.820000,42.130001,42.660000,42.660000,606900
2016-09-26,42.389999,42.650002,42.180000,42.180000,42.180000,613300
2016-09-27,42.240002,42.830002,42.240002,42.689999,42.689999,573500
2016-09-28,42.810001,42.970001,41.939999,42.860001,42.860001,305900
2016-09-29,42.500000,42.669998,40.919998,41.950001,41.950001,582200
2016-09-30,41.990002,42.330002,41.730000,42.070000,42.070000,610500
2016-10-03,42.040001,42.040001,41.299999,41.500000,41.500000,476400
2016-10-04,41.439999,42.279999,41.369999,42.169998,42.169998,990100
2016-10-05,42.189999,42.980000,42.189999,42.279999,42.279999,1013700
2016-10-06,42.369999,44.700001,42.369999,44.110001,44.110001,1516600
2016-10-07,43.340000,43.450001,42.470001,42.830002,42.830002,896500
2016-10-10,43.119999,43.580002,42.759998,43.080002,43.080002,260400
2016-10-11,42.950001,42.950001,41.770000,41.980000,41.980000,451800
2016-10-12,41.959999,42.900002,41.849998,42.709999,42.709999,462400
2016-10-13,42.459999,42.459999,41.630001,42.209999,42.209999,319800
2016-10-14,42.529999,42.880001,42.150002,42.570000,42.570000,329400
2016-10-17,42.560001,42.660000,42.330002,42.500000,42.500000,326000
2016-10-18,42.389999,42.750000,42.139999,42.480000,42.480000,323000
2016-10-19,42.119999,42.790001,42.119999,42.419998,42.419998,264600
2016-10-20,42.380001,42.380001,41.820000,41.840000,41.840000,582200
2016-10-21,41.430000,42.419998,41.209999,42.320000,42.320000,344000
2016-10-24,42.700001,43.070000,42.330002,42.840000,42.840000,298300
2016-10-25,42.790001,42.790001,41.599998,41.860001,41.860001,672700
2016-10-26,41.500000,42.470001,41.500000,42.099998,42.099998,607400
2016-10-27,42.400002,42.400002,41.430000,41.680000,41.680000,384300
2016-10-28,41.599998,42.080002,41.310001,41.439999,41.439999,352100
2016-10-31,41.430000,42.160000,40.820000,42.040001,42.040001,351400
2016-11-01,42.040001,42.180000,41.320000,41.410000,41.410000,1280800
2016-11-02,41.299999,41.860001,41.299999,41.610001,41.610001,431400
2016-11-03,41.590000,42.009998,41.400002,41.830002,41.830002,503300
2016-11-04,42.000000,42.900002,41.840000,41.959999,41.959999,300600
2016-11-07,42.820000,43.119999,42.570000,42.799999,42.799999,193200
2016-11-08,42.740002,43.090000,42.480000,42.860001,42.860001,194700
2016-11-09,42.360001,44.790001,40.680000,44.310001,44.310001,741600
2016-11-10,44.869999,45.790001,44.320000,45.259998,45.259998,1031400
2016-11-11,45.430000,45.599998,44.509998,44.750000,44.750000,895700
2016-11-14,45.290001,45.340000,44.520000,44.900002,44.900002,1031100
2016-11-15,45.160000,46.259998,44.750000,46.189999,46.189999,993300
2016-11-16,46.189999,46.369999,45.580002,46.349998,46.349998,438400
2016-11-17,46.689999,47.490002,46.590000,47.299999,47.299999,410700
2016-11-18,47.380001,47.590000,46.849998,47.400002,47.400002,402100
2016-11-21,47.400002,47.790001,46.619999,46.889999,46.889999,791800
2016-11-22,42.230000,45.779999,42.009998,45.360001,45.360001,2001800
2016-11-23,45.369999,46.220001,45.369999,46.080002,46.080002,407800
2016-11-25,46.049999,46.529999,45.919998,46.509998,46.509998,267100
2016-11-28,46.400002,46.549999,45.900002,46.130001,46.130001,948000
2016-11-29,46.189999,46.759998,45.950001,46.430000,46.430000,323800
2016-11-30,46.779999,46.970001,45.910000,46.389999,46.389999,612700
2016-12-01,46.680000,47.160000,45.919998,46.049999,46.049999,621700
2016-12-02,46.000000,46.410000,45.509998,45.560001,45.560001,452500
2016-12-05,45.919998,46.360001,45.480000,45.950001,45.950001,646600
2016-12-06,46.020000,46.119999,45.490002,45.919998,45.919998,565000
2016-12-07,46.150002,46.720001,45.889999,46.570000,46.570000,606300
2016-12-08,46.410000,46.830002,46.150002,46.810001,46.810001,518600
2016-12-09,46.980000,47.340000,46.270000,47.099998,47.099998,453100
2016-12-12,46.860001,47.029999,46.380001,46.560001,46.560001,481500
2016-12-13,46.590000,47.250000,46.430000,46.680000,46.680000,387400
2016-12-14,46.680000,46.740002,44.869999,45.389999,45.389999,675700
2016-12-15,45.750000,46.290001,45.410000,45.639999,45.639999,989300
2016-12-16,45.680000,47.570000,45.660000,47.360001,47.360001,1365900
2016-12-19,47.720001,48.669998,47.389999,48.180000,48.180000,838800
2016-12-20,48.049999,48.540001,46.410000,48.189999,48.189999,514400
2016-12-21,48.250000,49.320000,48.220001,48.860001,48.860001,531700
2016-12-22,48.970001,48.970001,47.730000,47.820000,47.820000,485200
2016-12-23,47.730000,48.150002,47.509998,47.660000,47.660000,106900
2016-12-27,47.750000,48.150002,47.290001,47.740002,47.740002,213200
2016-12-28,47.820000,47.910000,46.560001,46.709999,46.709999,280500
2016-12-29,46.820000,47.090000,46.299999,46.529999,46.529999,281400
2016-12-30,46.689999,46.689999,45.720001,46.070000,46.070000,327300
2017-01-03,46.119999,46.810001,45.439999,45.950001,45.950001,515800
2017-01-04,45.900002,46.349998,45.480000,46.099998,46.099998,395000
2017-01-05,46.150002,46.520000,45.389999,45.509998,45.509998,443600
2017-01-06,45.730000,45.730000,45.119999,45.160000,45.160000,354100
2017-01-09,44.980000,44.980000,43.889999,44.299999,44.299999,448900
2017-01-10,44.279999,44.549999,43.910000,44.060001,44.060001,498600
2017-01-11,44.169998,44.990002,44.169998,44.759998,44.759998,662700
2017-01-12,44.619999,44.669998,43.619999,44.090000,44.090000,477200
2017-01-13,44.320000,44.980000,44.320000,44.700001,44.700001,354000
2017-01-17,44.459999,44.720001,43.820000,43.930000,43.930000,370800
2017-01-18,44.160000,44.509998,43.590000,43.980000,43.980000,200700
2017-01-19,43.939999,44.799999,43.840000,44.310001,44.310001,323100
2017-01-20,44.330002,44.950001,43.930000,44.439999,44.439999,319400
2017-01-23,44.410000,45.070000,44.410000,44.799999,44.799999,457400
2017-01-24,44.849998,45.980000,44.849998,45.880001,45.880001,374300
2017-01-25,46.250000,46.869999,46.250000,46.630001,46.630001,312700
2017-01-26,46.509998,46.980000,45.369999,45.450001,45.450001,426400
2017-01-27,45.619999,45.740002,44.700001,44.830002,44.830002,379200
2017-01-30,44.790001,45.070000,44.090000,44.970001,44.970001,378600
2017-01-31,44.810001,44.810001,43.509998,43.770000,43.770000,449000
2017-02-01,43.910000,44.509998,43.540001,44.049999,44.049999,469700
2017-02-02,44.099998,44.709999,43.669998,44.349998,44.349998,595200
2017-02-03,45.009998,46.720001,44.930000,45.650002,45.650002,986400
2017-02-06,45.779999,45.910000,44.590000,44.919998,44.919998,423500
2017-02-07,45.020000,45.970001,44.820000,45.180000,45.180000,322200
2017-02-08,44.900002,45.240002,44.130001,44.709999,44.709999,413800
2017-02-09,44.770000,45.419998,44.439999,45.040001,45.040001,296200
2017-02-10,45.200001,45.389999,44.770000,45.299999,45.299999,280200
2017-02-13,45.389999,45.900002,45.000000,45.119999,45.119999,174200
2017-02-14,45.110001,45.349998,44.529999,45.320000,45.320000,294200
2017-02-15,45.299999,45.730000,45.250000,45.590000,45.590000,448200
2017-02-16,45.580002,45.849998,45.349998,45.590000,45.590000,293800
2017-02-17,45.720001,45.720001,45.150002,45.509998,45.509998,302400
2017-02-21,45.639999,46.150002,45.470001,45.740002,45.740002,433200
2017-02-22,45.610001,46.470001,45.509998,45.880001,45.880001,614600
2017-02-23,45.840000,46.090000,44.610001,45.360001,45.360001,681900
2017-02-24,44.919998,45.330002,44.619999,45.200001,45.200001,521600
2017-02-27,44.970001,46.180000,44.900002,46.009998,46.009998,485400
2017-02-28,45.889999,46.080002,45.360001,45.439999,45.439999,378100
2017-03-01,45.959999,46.740002,45.959999,46.540001,46.540001,627500
2017-03-02,46.590000,46.980000,45.459999,46.590000,46.590000,411700
2017-03-03,46.570000,46.900002,46.220001,46.529999,46.529999,205400
2017-03-06,46.310001,46.650002,45.830002,45.889999,45.889999,188500
2017-03-07,45.799999,46.049999,45.340000,45.389999,45.389999,237500
2017-03-08,45.529999,46.419998,45.529999,46.130001,46.130001,379900
2017-03-09,46.119999,46.490002,46.000000,46.330002,46.330002,502000
2017-03-10,46.500000,48.110001,46.439999,47.720001,47.720001,729400
2017-03-13,47.720001,48.340000,45.980000,48.279999,48.279999,707300
2017-03-14,48.009998,48.250000,47.490002,48.130001,48.130001,405900
2017-03-15,48.250000,49.250000,47.860001,49.130001,49.130001,382000
2017-03-16,49.230000,50.220001,48.880001,50.060001,50.060001,722800
2017-03-17,49.700001,50.610001,49.700001,50.450001,50.450001,823200
2017-03-20,50.470001,50.549999,49.610001,49.970001,49.970001,409200
2017-03-21,50.330002,50.340000,48.919998,49.070000,49.070000,507800
2017-03-22,48.970001,49.389999,48.430000,49.330002,49.330002,435500
2017-03-23,49.259998,49.599998,47.950001,48.790001,48.790001,441500
2017-03-24,49.040001,49.299999,47.939999,48.250000,48.250000,310600
2017-03-27,47.599998,47.959999,46.959999,47.869999,47.869999,307900
2017-03-28,47.700001,48.410000,47.520000,48.180000,48.180000,182700
2017-03-29,48.130001,48.349998,47.849998,48.250000,48.250000,253600
2017-03-30,48.169998,48.849998,47.520000,48.709999,48.709999,240700
2017-03-31,48.799999,49.459999,48.500000,49.160000,49.160000,321900
2017-04-03,49.259998,49.599998,48.700001,48.770000,48.770000,295100
2017-04-04,48.689999,49.189999,48.369999,48.619999,48.619999,205200
2017-04-05,48.860001,49.250000,48.160000,48.660000,48.660000,328400
2017-04-06,48.700001,49.450001,48.480000,49.040001,49.040001,270900
2017-04-07,48.869999,49.439999,48.790001,49.139999,49.139999,318100
2017-04-10,49.099998,49.639999,49.000000,49.070000,49.070000,251600
2017-04-11,49.230000,49.980000,47.020000,49.869999,49.869999,287900
2017-04-12,49.790001,50.000000,49.330002,49.470001,49.470001,372100
2017-04-13,49.230000,49.639999,48.369999,48.599998,48.599998,315100
2017-04-17,48.779999,49.189999,48.459999,48.700001,48.700001,456300
2017-04-18,48.369999,49.480000,48.160000,49.439999,49.439999,390100
2017-04-19,49.919998,50.119999,49.740002,49.799999,49.799999,385900
2017-04-20,49.939999,50.560001,49.770000,50.439999,50.439999,270400
2017-04-21,50.419998,50.709999,49.470001,50.509998,50.509998,266200
2017-04-24,51.000000,51.230000,50.340000,51.090000,51.090000,209600
2017-04-25,51.400002,51.900002,51.310001,51.560001,51.560001,321900
2017-04-26,51.740002,52.119999,51.040001,51.130001,51.130001,469900
2017-04-27,51.209999,51.209999,50.080002,50.500000,50.500000,539300
2017-04-28,50.570000,50.650002,49.500000,49.570000,49.570000,317700
2017-05-01,49.840000,50.110001,49.020000,49.610001,49.610001,462800
2017-05-02,49.639999,49.860001,49.130001,49.220001,49.220001,293800
2017-05-03,49.099998,49.340000,48.590000,49.189999,49.189999,267900
2017-05-04,49.389999,49.889999,49.169998,49.450001,49.450001,379100
2017-05-05,49.950001,51.740002,48.419998,49.830002,49.830002,504100
2017-05-08,49.880001,50.000000,48.849998,49.520000,49.520000,339900
2017-05-09,49.500000,49.790001,48.580002,48.730000,48.730000,563300
2017-05-10,48.720001,48.720001,48.029999,48.169998,48.169998,307100
2017-05-11,48.090000,49.029999,47.740002,48.980000,48.980000,552400
2017-05-12,48.580002,49.200001,48.529999,49.000000,49.000000,392400
2017-05-15,48.970001,49.720001,48.970001,49.599998,49.599998,259200
2017-05-16,49.779999,49.930000,49.160000,49.380001,49.380001,293200
2017-05-17,48.590000,48.770000,47.509998,47.580002,47.580002,415000
2017-05-18,47.509998,48.270000,47.049999,48.049999,48.049999,255900
2017-05-19,47.980000,48.709999,47.980000,48.520000,48.520000,195100
2017-05-22,48.639999,49.090000,48.529999,48.820000,48.820000,181800
2017-05-23,49.009998,49.060001,48.459999,48.779999,48.779999,187300
2017-05-24,48.669998,49.130001,48.310001,48.549999,48.549999,246100
2017-05-25,48.680000,48.889999,47.959999,48.419998,48.419998,267100
2017-05-26,48.389999,48.470001,48.070000,48.230000,48.230000,269200
2017-05-30,48.000000,48.349998,47.580002,47.740002,47.740002,177600
2017-05-31,47.889999,48.270000,47.029999,48.230000,48.230000,350000
2017-06-01,48.200001,48.980000,48.060001,48.970001,48.970001,262700
2017-06-02,49.009998,50.029999,48.130001,49.650002,49.650002,345500
2017-06-05,49.669998,49.730000,48.799999,48.820000,48.820000,150700
2017-06-06,48.380001,48.840000,48.029999,48.540001,48.540001,264800
2017-06-07,48.580002,48.970001,48.220001,48.410000,48.410000,236600
2017-06-08,48.340000,49.090000,48.040001,48.709999,48.709999,269100
2017-06-09,48.900002,49.020000,48.590000,48.750000,48.750000,271700
2017-06-12,48.689999,49.759998,48.689999,49.520000,49.520000,231200
2017-06-13,49.410000,50.000000,49.400002,49.849998,49.849998,180900
2017-06-14,49.840000,50.009998,49.560001,49.720001,49.720001,205200
2017-06-15,49.259998,49.680000,48.439999,49.189999,49.189999,142800
2017-06-16,48.400002,49.250000,48.400002,49.139999,49.139999,343300
2017-06-19,49.450001,49.619999,48.860001,49.549999,49.549999,183600
2017-06-20,49.330002,49.950001,49.279999,49.410000,49.410000,178500
2017-06-21,49.490002,49.500000,48.220001,48.299999,48.299999,222700
2017-06-22,48.360001,48.700001,48.020000,48.509998,48.509998,203300
2017-06-23,48.590000,49.049999,48.439999,48.889999,48.889999,775200
2017-06-26,49.040001,49.290001,48.750000,49.090000,49.090000,149300
2017-06-27,49.090000,49.490002,48.480000,48.490002,48.490002,171200
2017-06-28,48.880001,49.299999,48.480000,49.060001,49.060001,235600
2017-06-29,49.250000,49.400002,48.080002,48.400002,48.400002,204700
2017-06-30,48.459999,49.310001,48.459999,49.000000,49.000000,190700
2017-07-03,49.139999,49.549999,49.119999,49.299999,49.299999,112900
2017-07-05,49.240002,49.490002,48.369999,48.990002,48.990002,111300
2017-07-06,48.570000,48.770000,48.090000,48.169998,48.169998,237700
2017-07-07,48.330002,48.950001,47.869999,48.820000,48.820000,188100
2017-07-10,48.730000,48.730000,47.500000,48.029999,48.029999,216100
2017-07-11,48.029999,48.400002,47.349998,48.110001,48.110001,190300
2017-07-12,48.560001,48.880001,47.570000,48.480000,48.480000,271100
2017-07-13,48.369999,48.369999,47.740002,48.209999,48.209999,205400
2017-07-14,48.209999,48.590000,48.040001,48.070000,48.070000,123700
2017-07-17,47.990002,48.529999,47.910000,48.090000,48.090000,146300
2017-07-18,47.820000,48.090000,47.540001,47.669998,47.669998,154400
2017-07-19,47.810001,48.369999,47.779999,48.279999,48.279999,158500
2017-07-20,48.270000,48.570000,47.810001,48.049999,48.049999,233300
2017-07-21,48.279999,48.299999,47.150002,47.259998,47.259998,227600
2017-07-24,47.270000,47.630001,46.240002,46.270000,46.270000,201100
2017-07-25,46.480000,47.500000,46.189999,47.430000,47.430000,738300
2017-07-26,47.610001,47.840000,47.160000,47.299999,47.299999,174400
2017-07-27,47.279999,47.380001,46.119999,46.320000,46.320000,359000
2017-07-28,46.279999,46.700001,45.540001,45.689999,45.689999,300800
2017-07-31,45.849998,46.180000,45.150002,45.930000,45.930000,505500
2017-08-01,46.189999,46.369999,45.419998,45.590000,45.590000,363400
2017-08-02,45.549999,45.750000,44.759998,45.009998,45.009998,455600
2017-08-03,43.000000,43.900002,41.889999,42.669998,42.669998,1789400
2017-08-04,42.730000,43.240002,42.200001,43.009998,43.009998,584100
2017-08-07,43.000000,43.470001,42.730000,43.320000,43.320000,393800
2017-08-08,43.180000,43.700001,42.880001,43.270000,43.270000,744900
2017-08-09,42.990002,43.389999,42.830002,43.119999,43.119999,371100
2017-08-10,42.970001,43.099998,42.000000,42.029999,42.029999,480700
2017-08-11,42.139999,42.560001,41.840000,41.860001,41.860001,470100
2017-08-14,42.130001,42.389999,41.740002,42.150002,42.150002,541700
2017-08-15,42.259998,42.389999,41.580002,41.590000,41.590000,241200
2017-08-16,41.570000,41.590000,40.990002,41.150002,41.150002,431300
2017-08-17,41.020000,41.490002,40.840000,40.860001,40.860001,365900
2017-08-18,40.580002,40.860001,40.279999,40.310001,40.310001,466200
2017-08-21,40.209999,40.240002,39.740002,39.770000,39.770000,375400
2017-08-22,39.950001,40.560001,39.889999,40.360001,40.360001,390800
2017-08-23,40.209999,40.400002,39.570000,39.639999,39.639999,330900
2017-08-24,43.000000,45.630001,42.750000,43.540001,43.540001,3107900
2017-08-25,45.680000,47.610001,45.139999,47.299999,47.299999,2334800
2017-08-28,48.000000,48.639999,46.529999,46.639999,46.639999,1465500
2017-08-29,46.459999,46.900002,45.639999,46.340000,46.340000,1148400
2017-08-30,46.250000,46.750000,46.200001,46.240002,46.240002,737200
2017-08-31,46.410000,47.340000,46.209999,47.099998,47.099998,669900
2017-09-01,47.189999,47.599998,46.500000,46.650002,46.650002,613500
2017-09-05,46.650002,47.990002,46.650002,47.779999,47.779999,816600
2017-09-06,48.299999,49.840000,47.570000,49.330002,49.330002,1051200
2017-09-07,49.540001,49.740002,48.750000,49.180000,49.180000,737100
2017-09-08,49.490002,50.779999,49.450001,50.119999,50.119999,1098500
2017-09-11,48.950001,49.240002,47.540001,48.639999,48.639999,1146300
2017-09-12,48.849998,49.000000,48.570000,48.770000,48.770000,855700
2017-09-13,48.910000,49.200001,48.450001,49.009998,49.009998,631000
2017-09-14,48.730000,49.070000,48.009998,48.439999,48.439999,526700
2017-09-15,48.439999,48.750000,48.150002,48.680000,48.680000,824200
2017-09-18,48.730000,49.299999,48.500000,49.240002,49.240002,681000
2017-09-19,47.410000,49.009998,47.189999,48.490002,48.490002,1162300
2017-09-20,48.259998,48.610001,47.709999,47.860001,47.860001,721300
2017-09-21,48.470001,50.009998,48.160000,49.459999,49.459999,6050700
2017-09-22,49.410000,50.500000,48.939999,49.910000,49.910000,1206900
2017-09-25,49.880001,50.150002,49.299999,50.080002,50.080002,1802600
2017-09-26,50.049999,50.480000,49.599998,50.400002,50.400002,727400
2017-09-27,50.570000,51.959999,49.980000,51.439999,51.439999,826800
2017-09-28,51.450001,51.860001,50.880001,51.369999,51.369999,788200
2017-09-29,51.259998,51.470001,51.040001,51.250000,51.250000,719200
2017-10-02,51.040001,52.090000,51.040001,51.959999,51.959999,548000
2017-10-03,52.180000,52.590000,51.930000,52.230000,52.230000,659500
2017-10-04,52.380001,53.009998,51.910000,52.910000,52.910000,462900
2017-10-05,53.000000,53.110001,52.549999,52.740002,52.740002,533400
2017-10-06,52.680000,52.770000,52.220001,52.599998,52.599998,859800
2017-10-09,52.360001,52.480000,51.740002,52.230000,52.230000,725400
2017-10-10,52.450001,52.459999,52.000000,52.400002,52.400002,395600
2017-10-11,52.660000,52.660000,52.040001,52.250000,52.250000,526600
2017-10-12,52.060001,52.310001,51.630001,52.029999,52.029999,653800
2017-10-13,52.200001,52.430000,51.770000,52.419998,52.419998,411600
2017-10-16,52.419998,53.080002,52.360001,52.730000,52.730000,538000
2017-10-17,52.740002,53.820000,52.740002,52.990002,52.990002,693400
2017-10-18,53.150002,54.189999,53.009998,54.070000,54.070000,1121100
2017-10-19,54.090000,54.889999,53.770000,54.790001,54.790001,1199400
2017-10-20,55.250000,56.360001,55.130001,55.689999,55.689999,642000
2017-10-23,55.720001,55.820000,54.889999,54.939999,54.939999,518700
2017-10-24,55.160000,55.470001,54.330002,54.419998,54.419998,787500
2017-10-25,54.080002,54.430000,53.770000,54.139999,54.139999,652100
2017-10-26,54.369999,54.919998,53.980000,54.500000,54.500000,471800
2017-10-27,54.470001,54.939999,53.939999,54.919998,54.919998,342900
2017-10-30,54.549999,54.810001,54.220001,54.259998,54.259998,344800
2017-10-31,54.389999,55.580002,54.150002,55.410000,55.410000,629200
2017-11-01,55.689999,56.360001,55.290001,55.669998,55.669998,504800
2017-11-02,55.599998,55.779999,54.250000,54.470001,54.470001,472500
2017-11-03,54.480000,54.930000,54.270000,54.450001,54.450001,383000
2017-11-06,54.470001,54.910000,54.369999,54.770000,54.770000,539100
2017-11-07,54.779999,55.080002,53.990002,54.250000,54.250000,223100
2017-11-08,53.939999,54.570000,53.700001,54.520000,54.520000,403400
2017-11-09,53.970001,54.509998,53.419998,54.250000,54.250000,221100
2017-11-10,54.209999,55.139999,54.119999,54.869999,54.869999,260400
2017-11-13,54.599998,55.160000,54.500000,54.950001,54.950001,282500
2017-11-14,54.970001,55.450001,54.889999,55.389999,55.389999,395300
2017-11-15,54.889999,55.150002,54.290001,54.770000,54.770000,521900
2017-11-16,54.950001,55.330002,54.410000,55.169998,55.169998,381800
2017-11-17,54.860001,55.700001,54.720001,55.630001,55.630001,670200
2017-11-20,55.900002,56.930000,55.330002,56.279999,56.279999,1002100
2017-11-21,59.500000,59.869999,56.599998,58.980000,58.980000,2500300
2017-11-22,59.150002,60.610001,58.730000,59.360001,59.360001,1148900
2017-11-24,59.660000,61.680000,59.369999,61.290001,61.290001,608100
2017-11-27,61.160000,61.270000,60.180000,60.240002,60.240002,1235200
2017-11-28,60.250000,62.169998,60.000000,61.450001,61.450001,1667100
2017-11-29,61.619999,63.619999,61.509998,63.349998,63.349998,1251000
2017-11-30,63.259998,64.449997,62.660000,64.080002,64.080002,1081600
2017-12-01,64.260002,64.260002,61.790001,63.590000,63.590000,824600
2017-12-04,64.000000,64.879997,63.180000,63.240002,63.240002,860800
2017-12-05,62.970001,62.970001,61.700001,62.410000,62.410000,640600
2017-12-06,62.480000,62.660000,61.669998,61.830002,61.830002,575800
2017-12-07,61.840000,62.580002,61.490002,62.000000,62.000000,941200
2017-12-08,62.290001,62.500000,61.529999,61.959999,61.959999,558300
2017-12-11,61.880001,62.119999,61.430000,61.630001,61.630001,489900
2017-12-12,61.830002,61.900002,60.849998,60.860001,60.860001,608000
2017-12-13,60.689999,61.270000,60.369999,60.950001,60.950001,533000
2017-12-14,61.009998,61.240002,59.790001,60.099998,60.099998,630300
2017-12-15,60.270000,61.849998,60.189999,61.639999,61.639999,1069500
2017-12-18,62.380001,63.070000,62.230000,62.389999,62.389999,602100
2017-12-19,62.590000,62.880001,61.689999,62.020000,62.020000,640700
2017-12-20,62.070000,62.360001,61.680000,61.950001,61.950001,542500
2017-12-21,61.919998,62.230000,61.540001,61.630001,61.630001,514800
2017-12-22,61.709999,61.810001,61.259998,61.490002,61.490002,397900
2017-12-26,61.660000,63.740002,61.660000,63.240002,63.240002,556600
2017-12-27,63.230000,63.700001,62.970001,63.279999,63.279999,379600
2017-12-28,63.490002,64.230003,63.009998,64.190002,64.190002,357600
2017-12-29,64.260002,64.839996,63.680000,63.759998,63.759998,448300
2018-01-02,63.820000,64.720001,63.459999,64.690002,64.690002,615800
2018-01-03,65.349998,66.430000,65.010002,66.080002,66.080002,697700
2018-01-04,66.400002,66.470001,64.750000,64.779999,64.779999,580400
2018-01-05,65.099998,65.519997,64.410004,64.489998,64.489998,808200
2018-01-08,64.629997,64.660004,64.110001,64.470001,64.470001,456600
2018-01-09,64.660004,64.690002,63.599998,63.759998,63.759998,523100
2018-01-10,63.160000,63.189999,62.320000,62.959999,62.959999,972900
2018-01-11,63.009998,63.009998,62.240002,62.450001,62.450001,913200
2018-01-12,62.480000,63.709999,61.849998,63.459999,63.459999,653400
2018-01-16,63.830002,63.919998,62.310001,62.529999,62.529999,850700
2018-01-17,62.779999,63.759998,62.580002,63.490002,63.490002,709000
2018-01-18,63.369999,63.560001,62.529999,62.590000,62.590000,605000
2018-01-19,62.470001,62.900002,62.320000,62.639999,62.639999,712200
2018-01-22,62.660000,63.209999,62.119999,62.490002,62.490002,405500
2018-01-23,62.369999,62.630001,61.939999,62.410000,62.410000,919600
2018-01-24,62.419998,63.209999,62.080002,62.560001,62.560001,424300
2018-01-25,62.889999,63.110001,61.700001,62.389999,62.389999,336400
2018-01-26,62.680000,63.590000,62.060001,62.790001,62.790001,319300
2018-01-29,62.509998,62.790001,61.990002,62.090000,62.090000,400200
2018-01-30,61.700001,61.910000,61.279999,61.730000,61.730000,331800
2018-01-31,61.980000,61.980000,60.230000,60.500000,60.500000,707700
2018-02-01,60.450001,62.700001,60.200001,61.750000,61.750000,1050100
2018-02-02,61.279999,61.689999,59.200001,59.750000,59.750000,459200
2018-02-05,59.369999,59.759998,57.049999,57.049999,57.049999,909600
2018-02-06,56.000000,59.700001,54.689999,59.160000,59.160000,998200
2018-02-07,58.900002,59.310001,57.830002,58.150002,58.150002,654400
2018-02-08,58.250000,58.250000,55.060001,55.090000,55.090000,1109700
2018-02-09,59.990002,61.209999,53.080002,55.070000,55.070000,1854900
2018-02-12,55.160000,56.570000,53.919998,54.590000,54.590000,2223900
2018-02-13,55.650002,56.230000,53.610001,54.430000,54.430000,1556100
2018-02-14,53.930000,54.759998,53.480000,54.139999,54.139999,987600
2018-02-15,54.500000,54.500000,53.320000,54.259998,54.259998,866700
2018-02-16,53.959999,54.860001,53.480000,54.529999,54.529999,845800
2018-02-20,54.290001,54.630001,53.590000,54.150002,54.150002,882000
2018-02-21,54.160000,54.290001,53.150002,53.180000,53.180000,888000
2018-02-22,53.480000,53.740002,52.950001,53.240002,53.240002,459900
2018-02-23,53.540001,54.860001,53.189999,54.849998,54.849998,984800
2018-02-26,55.209999,57.189999,54.150002,54.279999,54.279999,433400
2018-02-27,54.119999,54.450001,53.200001,53.230000,53.230000,496100
2018-02-28,53.580002,53.950001,52.580002,52.910000,52.910000,843900
2018-03-01,52.790001,53.900002,51.970001,52.130001,52.130001,688500
2018-03-02,51.680000,53.650002,51.529999,53.310001,53.310001,599600
2018-03-05,53.250000,54.509998,53.250000,54.330002,54.330002,796200
2018-03-06,54.299999,55.000000,54.150002,54.849998,54.849998,942100
2018-03-07,54.380001,54.970001,53.580002,54.549999,54.549999,484100
2018-03-08,54.580002,54.959999,53.520000,53.700001,53.700001,423400
2018-03-09,54.169998,54.480000,53.720001,54.459999,54.459999,362900
2018-03-12,54.529999,56.169998,54.529999,56.139999,56.139999,675200
2018-03-13,56.549999,56.959999,56.080002,56.200001,56.200001,859700
2018-03-14,56.240002,56.419998,53.250000,54.080002,54.080002,1165100
2018-03-15,54.240002,55.099998,53.869999,54.119999,54.119999,811600
2018-03-16,54.130001,54.650002,53.750000,54.130001,54.130001,556500
2018-03-19,53.860001,54.200001,53.090000,53.610001,53.610001,754600
2018-03-20,53.740002,53.990002,52.459999,52.490002,52.490002,395400
2018-03-21,52.549999,54.160000,52.490002,53.750000,53.750000,502200
2018-03-22,53.200001,53.810001,52.160000,52.189999,52.189999,595100
2018-03-23,52.380001,53.380001,52.090000,52.090000,52.090000,749800
2018-03-26,52.730000,53.840000,52.490002,53.500000,53.500000,569800
2018-03-27,53.750000,53.750000,52.450001,53.130001,53.130001,749400
2018-03-28,53.119999,54.410000,52.689999,52.869999,52.869999,686700
2018-03-29,52.939999,53.700001,52.919998,53.070000,53.070000,496500
2018-04-02,52.860001,53.849998,51.580002,52.110001,52.110001,625300
2018-04-03,52.330002,53.529999,52.330002,53.500000,53.500000,624500
2018-04-04,52.660000,54.119999,52.150002,53.939999,53.939999,505400
2018-04-05,54.369999,55.009998,53.619999,54.720001,54.720001,459200
2018-04-06,54.110001,54.560001,52.509998,53.389999,53.389999,1071200
2018-04-09,53.750000,53.880001,51.220001,51.380001,51.380001,779300
2018-04-10,51.880001,52.209999,50.709999,51.320000,51.320000,901400
2018-04-11,50.910000,51.209999,50.209999,50.740002,50.740002,460400
2018-04-12,50.959999,51.000000,50.520000,50.730000,50.730000,412100
2018-04-13,51.020000,51.299999,50.189999,50.869999,50.869999,518200
2018-04-16,51.080002,52.490002,50.930000,52.049999,52.049999,514500
2018-04-17,52.430000,52.430000,51.759998,51.990002,51.990002,279600
2018-04-18,52.259998,53.000000,46.759998,52.349998,52.349998,260500
2018-04-19,52.290001,52.290001,50.590000,50.700001,50.700001,385100
2018-04-20,50.430000,50.889999,50.080002,50.189999,50.189999,447100
2018-04-23,50.209999,51.970001,49.919998,50.220001,50.220001,322800
2018-04-24,50.360001,50.549999,48.480000,49.130001,49.130001,418600
2018-04-25,48.700001,49.020000,47.110001,48.799999,48.799999,623200
2018-04-26,48.889999,49.310001,48.070000,49.290001,49.290001,579700
2018-04-27,49.330002,50.200001,48.970001,49.799999,49.799999,493800
2018-04-30,49.980000,50.040001,48.889999,48.950001,48.950001,378000
2018-05-01,48.880001,49.189999,47.709999,49.110001,49.110001,698400
2018-05-02,49.150002,49.860001,48.520000,49.130001,49.130001,391100
2018-05-03,48.810001,49.680000,47.400002,48.790001,48.790001,374200
2018-05-04,48.790001,49.419998,48.380001,48.740002,48.740002,489800
2018-05-07,48.360001,49.430000,48.360001,49.029999,49.029999,935500
2018-05-08,49.080002,50.259998,48.689999,49.849998,49.849998,1384100
2018-05-09,39.560001,46.660000,39.070000,44.450001,44.450001,4341000
2018-05-10,43.770000,45.090000,42.709999,42.919998,42.919998,1663600
2018-05-11,42.900002,44.209999,41.639999,42.240002,42.240002,1407600
2018-05-14,41.849998,42.490002,40.959999,41.110001,41.110001,1374000
2018-05-15,40.540001,41.029999,39.570000,40.070000,40.070000,1630200
2018-05-16,40.320000,40.490002,38.709999,39.520000,39.520000,1731400
2018-05-17,39.669998,40.330002,39.049999,39.830002,39.830002,1176800
2018-05-18,39.990002,41.220001,39.490002,40.270000,40.270000,1415900
2018-05-21,40.540001,41.130001,40.470001,40.560001,40.560001,894700
2018-05-22,40.570000,40.570000,39.790001,39.849998,39.849998,852200
2018-05-23,39.680000,40.090000,39.400002,39.790001,39.790001,820300
2018-05-24,39.900002,42.049999,39.840000,41.830002,41.830002,1399300
2018-05-25,41.500000,42.110001,40.959999,41.500000,41.500000,1078300
2018-05-29,41.270000,42.060001,40.950001,41.500000,41.500000,1191200
2018-05-30,41.740002,42.340000,41.490002,42.049999,42.049999,1856500
2018-05-31,42.180000,42.459999,41.509998,41.900002,41.900002,2056400
2018-06-01,42.110001,42.259998,41.070000,41.549999,41.549999,2479600
2018-06-04,41.759998,42.639999,41.529999,42.610001,42.610001,1077700
2018-06-05,42.619999,42.810001,41.889999,42.299999,42.299999,1393500
2018-06-06,42.349998,42.840000,42.000000,42.570000,42.570000,1000500
2018-06-07,42.660000,43.090000,42.320000,42.860001,42.860001,967800
2018-06-08,43.009998,44.009998,42.730000,43.860001,43.860001,938300
2018-06-11,43.770000,45.000000,43.770000,44.919998,44.919998,1255700
2018-06-12,44.900002,45.279999,43.240002,44.049999,44.049999,814600
2018-06-13,44.080002,44.689999,42.689999,43.220001,43.220001,1013400
2018-06-14,43.549999,44.220001,43.250000,43.900002,43.900002,860200
2018-06-15,43.700001,43.959999,43.169998,43.919998,43.919998,644300
2018-06-18,43.810001,44.320000,43.529999,44.290001,44.290001,1106900
2018-06-19,44.910000,45.150002,44.180000,44.919998,44.919998,1078700
2018-06-20,44.910000,46.259998,44.450001,45.779999,45.779999,1046800
2018-06-21,45.849998,46.180000,45.020000,45.689999,45.689999,1418500
2018-06-22,45.810001,45.810001,44.000000,44.970001,44.970001,1720300
2018-06-25,44.549999,45.119999,43.770000,44.360001,44.360001,2045900
2018-06-26,44.380001,44.439999,43.099998,43.410000,43.410000,1492700
2018-06-27,43.270000,44.220001,42.790001,42.910000,42.910000,1534800
2018-06-28,42.799999,42.799999,40.470001,42.139999,42.139999,1989600
2018-06-29,42.340000,45.099998,41.950001,42.619999,42.619999,1870500
2018-07-02,42.220001,42.700001,42.070000,42.660000,42.660000,1188800
2018-07-03,42.639999,42.759998,41.480000,41.820000,41.820000,870000
2018-07-05,42.070000,42.250000,41.599998,42.070000,42.070000,1132200
2018-07-06,42.189999,42.380001,41.639999,41.860001,41.860001,901200
2018-07-09,41.849998,42.299999,41.290001,41.950001,41.950001,1115100
2018-07-10,41.849998,41.939999,40.480000,40.490002,40.490002,1251400
2018-07-11,40.380001,40.389999,39.230000,39.369999,39.369999,2127300
2018-07-12,39.430000,40.980000,38.709999,39.549999,39.549999,2228800
2018-07-13,39.680000,40.470001,39.500000,39.939999,39.939999,743200
2018-07-16,40.000000,40.520000,39.459999,39.759998,39.759998,622000
2018-07-17,39.770000,40.299999,39.770000,40.259998,40.259998,648600
2018-07-18,40.349998,41.130001,40.230000,41.009998,41.009998,834200
2018-07-19,41.009998,42.330002,40.650002,42.290001,42.290001,770700
2018-07-20,43.029999,43.619999,42.430000,43.119999,43.119999,1408900
2018-07-23,42.849998,43.910000,42.779999,43.150002,43.150002,1264700
2018-07-24,43.189999,43.389999,41.590000,42.040001,42.040001,1170800
2018-07-25,41.759998,41.759998,39.750000,41.099998,41.099998,1154400
2018-07-26,41.040001,41.880001,40.590000,41.689999,41.689999,570100
2018-07-27,41.680000,42.189999,41.680000,42.009998,42.009998,556800
2018-07-30,42.130001,43.330002,42.020000,42.080002,42.080002,1337100
2018-07-31,42.340000,42.419998,41.770000,42.080002,42.080002,983200
2018-08-01,42.180000,42.630001,40.709999,41.070000,41.070000,911300
2018-08-02,40.930000,41.840000,40.840000,41.439999,41.439999,917900
2018-08-03,41.599998,42.250000,41.070000,42.070000,42.070000,794400
2018-08-06,42.070000,42.439999,41.610001,42.090000,42.090000,924500
2018-08-07,42.340000,42.950001,41.799999,42.480000,42.480000,1821800
2018-08-08,35.439999,37.720001,35.410000,36.540001,36.540001,5602700
2018-08-09,36.599998,39.599998,36.599998,38.240002,38.240002,2987600
2018-08-10,37.610001,38.000000,36.959999,36.980000,36.980000,1642100
2018-08-13,37.290001,37.330002,35.040001,35.230000,35.230000,2287400
2018-08-14,35.049999,37.220001,35.049999,37.040001,37.040001,2261900
2018-08-15,36.840000,37.400002,35.250000,37.150002,37.150002,1751800
2018-08-16,37.520000,38.070000,37.070000,37.669998,37.669998,825200
2018-08-17,37.779999,38.759998,37.750000,38.660000,38.660000,1058600
2018-08-20,38.889999,39.830002,38.639999,39.560001,39.560001,1467300
2018-08-21,39.939999,40.869999,39.650002,39.889999,39.889999,1538600
2018-08-22,39.619999,39.639999,38.230000,38.509998,38.509998,1449500
2018-08-23,38.410000,38.919998,38.009998,38.720001,38.720001,787900
2018-08-24,38.650002,39.310001,38.320000,38.459999,38.459999,518900
2018-08-27,38.540001,39.240002,38.540001,38.970001,38.970001,952700
2018-08-28,38.980000,39.279999,38.299999,38.330002,38.330002,1179300
2018-08-29,38.400002,38.500000,37.689999,38.169998,38.169998,1301200
2018-08-30,38.180000,38.840000,37.240002,37.360001,37.360001,892800
2018-08-31,37.200001,37.610001,36.930000,37.080002,37.080002,1104900
2018-09-04,37.160000,37.869999,36.759998,37.830002,37.830002,1340800
2018-09-05,37.830002,38.680000,37.570000,38.349998,38.349998,744400
2018-09-06,38.340000,38.419998,37.360001,37.720001,37.720001,769000
2018-09-07,37.810001,38.840000,37.570000,38.139999,38.139999,620900
2018-09-10,38.450001,41.799999,38.450001,41.139999,41.139999,2433500
2018-09-11,42.000000,42.000000,40.950001,41.169998,41.169998,1582100
2018-09-12,41.400002,41.950001,40.380001,41.529999,41.529999,1171700
2018-09-13,41.270000,41.340000,38.820000,39.070000,39.070000,1897500
2018-09-14,39.139999,39.520000,38.389999,39.310001,39.310001,668400
2018-09-17,39.509998,39.740002,38.470001,38.520000,38.520000,781800
2018-09-18,38.650002,39.540001,38.549999,39.450001,39.450001,696700
2018-09-19,39.389999,40.570000,39.389999,40.340000,40.340000,801700
2018-09-20,40.570000,41.230000,39.099998,39.900002,39.900002,826200
2018-09-21,39.910000,40.000000,38.880001,39.360001,39.360001,704300
2018-09-24,39.360001,39.360001,37.139999,37.430000,37.430000,698900
2018-09-25,37.450001,37.500000,36.549999,36.930000,36.930000,721300
2018-09-26,37.220001,37.330002,36.619999,36.959999,36.959999,537000
2018-09-27,37.209999,37.209999,36.500000,36.840000,36.840000,554500
2018-09-28,36.700001,36.910000,36.029999,36.189999,36.189999,903600
2018-10-01,36.009998,36.310001,34.689999,34.840000,34.840000,1313200
2018-10-02,33.130001,34.860001,33.020000,34.070000,34.070000,1906900
2018-10-03,34.290001,35.009998,33.810001,34.680000,34.680000,775900
2018-10-04,34.680000,34.799999,33.439999,33.820000,33.820000,1250700
2018-10-05,33.930000,34.279999,32.660000,33.340000,33.340000,873400
2018-10-08,31.940001,33.669998,31.530001,33.470001,33.470001,948200
2018-10-09,33.250000,33.720001,32.860001,33.330002,33.330002,1022200
2018-10-10,34.610001,35.490002,33.049999,33.279999,33.279999,1931600
2018-10-11,33.310001,34.549999,32.959999,33.080002,33.080002,1342400
2018-10-12,33.590000,33.599998,31.879999,32.490002,32.490002,1189100
2018-10-15,32.290001,32.779999,30.389999,31.010000,31.010000,2595200
2018-10-16,31.270000,31.740000,30.299999,30.969999,30.969999,1380400
2018-10-17,30.709999,31.059999,29.940001,30.740000,30.740000,1378000
2018-10-18,30.450001,30.770000,29.990000,30.020000,30.020000,1329900
2018-10-19,30.000000,30.410000,29.240000,29.620001,29.620001,658400
2018-10-22,29.690001,30.030001,28.760000,29.059999,29.059999,669600
2018-10-23,28.750000,29.900000,28.280001,28.830000,28.830000,1339200
2018-10-24,28.600000,28.750000,26.850000,27.010000,27.010000,2063900
2018-10-25,26.950001,27.610001,26.709999,27.200001,27.200001,1677100
2018-10-26,26.930000,27.120001,26.080000,26.230000,26.230000,1550400
2018-10-29,26.379999,26.680000,25.020000,25.309999,25.309999,1436200
2018-10-30,25.260000,26.910000,24.969999,26.850000,26.850000,2084000
2018-10-31,27.219999,28.260000,27.040001,27.910000,27.910000,1278400
2018-11-01,28.040001,29.990000,27.709999,29.440001,29.440001,1280500
2018-11-02,29.650000,30.420000,29.200001,30.270000,30.270000,1089800
2018-11-05,30.230000,30.620001,29.120001,29.150000,29.150000,1343500
2018-11-06,28.889999,29.389999,28.010000,28.790001,28.790001,1080400
2018-11-07,28.860001,29.120001,27.770000,28.840000,28.840000,984100
2018-11-08,28.639999,28.959999,27.530001,28.010000,28.010000,1028600
2018-11-09,27.910000,28.360001,27.049999,27.230000,27.230000,1378500
2018-11-12,27.150000,27.389999,26.610001,26.799999,26.799999,960300
2018-11-13,26.860001,28.350000,26.790001,27.260000,27.260000,1117600
2018-11-14,27.620001,28.360001,27.360001,28.049999,28.049999,1168800
2018-11-15,27.660000,27.920000,26.469999,27.590000,27.590000,1482400
2018-11-16,27.129999,27.860001,27.030001,27.620001,27.620001,1217600
2018-11-19,27.540001,27.870001,26.809999,27.770000,27.770000,1343900
2018-11-20,25.570000,29.740000,25.100000,28.059999,28.059999,6430700
2018-11-21,28.230000,33.980000,28.230000,32.810001,32.810001,5556100
2018-11-23,32.480000,33.419998,32.250000,33.009998,33.009998,993000
2018-11-26,33.400002,33.529999,32.500000,33.060001,33.060001,1642700
2018-11-27,33.490002,34.450001,33.110001,34.020000,34.020000,1400400
2018-11-28,33.029999,34.590000,32.689999,34.520000,34.520000,1652500
2018-11-29,34.919998,35.290001,33.880001,34.910000,34.910000,1508100
2018-11-30,34.669998,35.340000,33.990002,34.860001,34.860001,1161000
2018-12-03,35.119999,35.180000,33.810001,34.340000,34.340000,1439100
2018-12-04,34.040001,34.330002,32.939999,33.060001,33.060001,1556200
2018-12-06,32.660000,33.490002,32.349998,32.970001,32.970001,1931700
2018-12-07,33.250000,33.900002,32.470001,33.000000,33.000000,1371900
2018-12-10,32.959999,33.700001,32.439999,32.700001,32.700001,2134500
2018-12-11,33.090000,33.560001,32.139999,32.250000,32.250000,1365100
2018-12-12,32.700001,33.060001,32.040001,32.049999,32.049999,1108500
2018-12-13,32.099998,32.720001,31.780001,31.820000,31.820000,1323700
2018-12-14,30.840000,32.150002,30.049999,31.670000,31.670000,1269800
2018-12-17,31.680000,32.439999,30.969999,31.530001,31.530001,1249000
2018-12-18,31.540001,32.549999,31.389999,31.620001,31.620001,1152900
2018-12-19,31.750000,32.689999,31.459999,31.590000,31.590000,1130800
2018-12-20,31.450001,32.029999,30.580000,30.900000,30.900000,1039500
2018-12-21,31.160000,31.690001,30.490000,31.290001,31.290001,2050900
2018-12-24,30.959999,31.549999,29.330000,30.170000,30.170000,665300
2018-12-26,30.420000,31.170000,28.980000,31.150000,31.150000,676000
2018-12-27,30.650000,31.520000,30.450001,30.790001,30.790001,842100
2018-12-28,30.959999,31.650000,30.260000,31.440001,31.440001,1182400
2018-12-31,31.590000,31.910000,30.450001,31.719999,31.719999,735500
2019-01-02,31.170000,33.060001,31.000000,32.529999,32.529999,1013400
2019-01-03,32.279999,32.720001,31.480000,32.279999,32.279999,613800
2019-01-04,32.860001,34.130001,32.189999,34.080002,34.080002,804700
2019-01-07,34.130001,35.560001,33.840000,35.000000,35.000000,1025300
2019-01-08,35.160000,35.160000,33.709999,33.770000,33.770000,1262200
2019-01-09,34.000000,35.070000,33.790001,34.740002,34.740002,1275300
2019-01-10,34.570000,34.730000,33.860001,34.189999,34.189999,743600
2019-01-11,33.990002,34.570000,33.660000,34.160000,34.160000,785600
2019-01-14,33.830002,34.770000,33.790001,34.250000,34.250000,541400
2019-01-15,34.310001,34.310001,33.740002,34.000000,34.000000,514900
2019-01-16,34.060001,34.619999,33.200001,33.259998,33.259998,607800
2019-01-17,33.049999,34.029999,32.799999,33.779999,33.779999,664100
2019-01-18,33.860001,34.599998,33.770000,34.200001,34.200001,713700
2019-01-22,33.889999,34.759998,32.560001,34.169998,34.169998,848900
