Date,Open,High,Low,Close,Adj Close,Volume,rel_short,rel_mid,rel_long
2016-04-28,13.02,13.34,13.0,13.04,13.04,648200,0.008792362897571238,,
2016-04-29,13.04,13.22,12.87,12.93,12.93,836300,-0.0053194008934682735,,
2016-05-02,13.1,13.16,12.67,12.91,12.91,882400,-0.021484665787877333,,
2016-05-03,12.69,12.94,12.39,12.5,12.5,469500,-0.008415090730499397,,
2016-05-04,12.48,12.7,12.28,12.31,12.31,542900,-0.009249838161274226,,
2016-05-05,12.34,12.51,11.96,12.07,12.07,524700,-0.020992230054325045,,
2016-05-06,11.88,11.986,11.57,11.76,11.76,656500,-0.014717582137004914,,
2016-05-09,11.77,11.77,11.5,11.58,11.58,529900,-0.016828300230240067,-0.11046044650180331,
2016-05-10,11.6,11.99,11.41,11.9,11.9,440100,0.015038917661077011,-0.09221246979324027,
2016-05-11,11.87,12.05,11.85,11.85,11.85,361200,0.007393380430031016,-0.07748788456769562,
2016-05-12,11.99,12.0,11.5,11.67,11.67,270500,-0.025570230967941754,-0.0690657654493756,
2016-05-13,11.69,11.89,11.53,11.55,11.55,376800,-0.004314257771506291,-0.06152521924501464,
2016-05-16,11.59,11.83,11.51,11.68,11.68,437600,-0.0020527247546739957,-0.040631786744227405,
2016-05-17,11.65,11.82,11.55,11.6,11.6,428600,0.004370662150093185,-0.008860099257123721,
2016-05-18,11.59,11.897,11.55,11.64,11.64,570400,0.0027163232052394015,0.010554770451574491,
2016-05-19,11.63,11.94,11.58,11.64,11.64,551100,0.002901428860262012,-0.0005841972747031576,
2016-05-20,11.67,11.815,11.6,11.7,11.7,679200,-0.002532543648747332,-0.006841247366267567,
2016-05-23,11.66,11.93,11.66,11.84,11.84,470600,0.01736318830625372,0.022278118489444942,
2016-05-24,11.87,12.18,11.87,12.09,12.09,593700,0.0070241545045575116,0.03140609110161341,
2016-05-25,12.17,12.23,12.02,12.09,12.09,684100,-0.012164361271831847,0.023011997751797963,
2016-05-26,12.07,12.23,12.06,12.09,12.09,396100,0.002296466641075412,0.020639479426416862,
2016-05-27,12.11,12.36,12.09,12.35,12.35,717600,0.015327653858193457,0.034401996427319226,
2016-05-31,12.4,12.84,12.4,12.56,12.56,990400,0.014335995611311159,0.048555268678890595,
2016-06-01,12.55,12.93,12.5,12.81,12.81,2965600,0.01793459753848481,0.06798988444904985,
2016-06-02,11.63,11.75,11.25,11.34,11.34,6685500,-0.02884439298190289,-0.07070305357350515,
2016-06-03,11.43,11.82,11.42,11.65,11.65,2180500,0.0214153813696365,-0.048123507013352995,
2016-06-06,11.68,11.78,11.6,11.72,11.72,1158700,-0.0006568972002862772,-0.04006770182838215,
2016-06-07,11.63,11.94,11.62,11.78,11.78,1043800,0.011891569788760492,-0.03646038937919638,
2016-06-08,11.81,12.23,11.805,12.01,12.01,1243300,0.013763507635066397,-0.03742773678421818,-0.10293141640712777
2016-06-09,11.98,12.09,11.74,11.82,11.82,876400,-0.013365260792529643,-0.06952199202932396,-0.1137633904183768
2016-06-10,11.65,11.75,11.19,11.24,11.24,946700,-0.0294073633509897,-0.12919318337393682,-0.14553243085885015
2016-06-13,11.2,11.46,11.129,11.18,11.18,801300,0.004297828752973132,-0.0016867477427777722,-0.11917744827621357
2016-06-14,11.15,11.42,11.13,11.32,11.32,697800,0.015772154668417304,-0.017327581224959587,-0.09557021638171381
2016-06-15,11.36,11.57,11.33,11.37,11.37,542300,0.0038203404703320842,-0.01218321310587367,-0.06987070392668526
2016-06-16,11.23,11.5,11.165,11.45,11.45,574800,0.013788542773904844,-0.012117662171078347,-0.036798671380981585
2016-06-17,11.46,11.48,11.23,11.28,11.28,864200,-0.01246714600345733,-0.03984521828667775,-0.032316188192002215
2016-06-20,11.41,11.65,11.4,11.55,11.55,585100,0.008506769090547817,-0.007755021640932114,-0.02930594226606864
2016-06-21,11.56,11.65,11.4,11.52,11.52,646900,-0.005243822793834951,0.028032441371730332,-0.040012104919424196
2016-06-22,11.47,11.53,11.17,11.19,11.19,819000,-0.022654603025713538,-0.0021746843420134,-0.05228636716885138
2016-06-23,11.32,11.5,11.205,11.45,11.45,1159500,0.0016613601298471892,-0.0067261541385397194,-0.04077115127523889
2016-06-24,11.04,11.33,10.98,11.11,11.11,4981800,0.03839116739624027,-0.006539131641578599,-0.03577804882403646
2016-06-27,11.0,11.1,9.96,10.02,10.02,1997900,-0.07797954108624205,-0.09542272242119543,-0.12336129454505329
2016-06-28,10.5,10.5,9.98,10.17,10.17,958200,-0.046487678730148474,-0.08648252969917669,-0.1293534883427534
2016-06-29,10.27,10.41,10.11,10.28,10.28,1086500,-0.012679754559679957,-0.11047653110479416,-0.13919827609615965
2016-06-30,10.29,10.41,10.11,10.34,10.34,791500,-0.0074682727107378,-0.1128216126339221,-0.14599247018707873
2016-07-01,10.3,10.55,10.23,10.33,10.33,680900,0.0011903418522867248,-0.08832470096548217,-0.1628891866237785
2016-07-05,10.24,10.27,9.86,10.03,10.03,770800,-0.017613643568319848,-0.12061899399370724,-0.19279623637055954
2016-07-06,9.96,10.18,9.9,10.06,10.06,580400,0.0026767415228237113,-0.12940778442371093,-0.18819783099954535
2016-07-07,10.09,10.22,9.95,10.04,10.04,705400,-0.003767230187734949,-0.045525615464307556,-0.1895263894357777
2016-07-08,10.1,10.31,10.08,10.15,10.15,1010000,-0.005885819906879863,-0.04701220348871793,-0.21076768825879055
2016-07-11,10.22,10.47,10.18,10.37,10.37,808800,0.012021785784992023,-0.022840513014473984,-0.21059405778952422
2016-07-12,10.47,10.73,10.38,10.68,10.68,730100,0.013968319296707943,0.007284709390425359,-0.20669764524570322
2016-07-13,10.69,10.805,10.51,10.53,10.53,698400,-0.014439409512800871,-0.004080264280618806,-0.09626639733089215
2016-07-14,10.63,10.75,10.51,10.52,10.52,504800,-0.013118608526204056,0.012324846584456317,-0.13234788277275022
2016-07-15,10.58,10.85,10.43,10.72,10.72,915800,0.014712632675314197,0.034439298140829244,-0.11369083103033395
2016-07-18,10.71,10.82,10.61,10.76,10.76,644300,0.0024169982810011703,0.03690232768749713,-0.1161636723690842
2016-07-19,10.76,10.78,10.558,10.6,10.6,537800,-0.014976927462906353,0.027598574248430374,-0.145741377226142
2016-07-20,10.6,10.9,10.51,10.83,10.83,577400,0.018276506400932924,0.02676292814320247,-0.11430913761699779
2016-07-21,10.85,10.965,10.6,10.61,10.61,409200,-0.01879972912483696,-0.012612078965363427,-0.09011654083712983
2016-07-22,10.64,10.72,10.51,10.71,10.71,670200,0.0026140311611433376,0.006504492305199783,-0.0880751572829146
2016-07-25,10.73,10.83,10.545,10.71,10.71,473800,0.0005432429498002378,0.0157160525958564,-0.09930424895193424
2016-07-26,10.69,11.07,10.66,11.02,11.02,562100,0.030306281202777452,0.024164911817027512,-0.07734270610743277
2016-07-27,10.99,11.05,10.913,10.99,10.99,388700,0.0014897098717110424,0.021293200711962612,-0.08275280948604324
2016-07-28,11.04,11.78,11.01,11.77,11.77,1191400,0.062179291255386904,0.10180178165893272,-0.004094377280531525
2016-07-29,11.71,11.77,11.44,11.65,11.65,933600,-0.007333934209547532,0.07271920908365948,-0.0338349068924062
2016-08-01,11.61,12.06,11.46,11.87,11.87,702600,0.023210865738787945,0.10960187032128355,-0.00854711188757662
2016-08-02,11.89,11.91,11.54,11.8,11.8,499100,-0.0016309779807968106,0.10523182893352834,0.01933135599262714
2016-08-03,11.75,11.91,11.67,11.83,11.83,620100,0.003554411193587903,0.10162591380778441,0.009047818994389889
2016-08-04,11.82,11.94,11.78,11.93,11.93,399400,0.00892125045241654,0.08161973587638593,0.010816161410531766
2016-08-05,11.93,12.24,11.88,12.19,12.19,706800,0.01508855539548426,0.09613952019532013,0.10880943313047231
2016-08-08,12.16,12.41,12.15,12.29,12.29,398500,0.011949212048562252,0.03825384512862495,0.12064199754727012
2016-08-09,12.32,12.51,12.27,12.35,12.35,538700,0.0026612535918779656,0.05461198828805358,0.13125361250044154
2016-08-10,12.35,12.46,12.15,12.32,12.32,650600,0.0009270377250558681,0.03507005751811665,0.13934455826446213
2016-08-11,12.35,12.48,12.26,12.43,12.43,512900,0.0028727423362013838,0.038768325903053125,0.14642438286116244
2016-08-12,12.36,12.54,12.33,12.48,12.48,446500,0.00951993568043985,0.044169042907480804,0.17383585589557793
2016-08-15,12.5,12.92,12.44,12.8,12.8,655600,0.02185655801790931,0.058492826041741885,0.19871677187598458
2016-08-16,12.76,12.881,12.7,12.7,12.7,427700,-0.0010059633986658767,0.04315078061818722,0.1974858292129671
2016-08-17,12.73,12.74,12.53,12.6,12.6,329500,-0.01227369225463093,0.024301197714090783,0.19195539875007883
2016-08-18,12.5,12.8,12.26,12.74,12.74,428900,0.01667412202214935,0.02867341031564985,0.18276753583056538
2016-08-19,12.74,12.94,12.65,12.89,12.89,494000,0.011874518307762205,0.04138319489650133,0.1734430437705381
2016-08-22,12.84,12.95,12.61,12.88,12.88,588400,0.0026247388201299238,0.03700504799013071,0.18750969513191196
2016-08-23,12.95,13.49,12.93,13.3,13.3,1526800,0.02708434644474611,0.06233267501545603,0.22384368432657764
2016-08-24,13.4,13.44,12.97,13.07,13.07,547400,-0.020509037227791627,0.02761343078769185,0.19189090452284718
2016-08-25,13.05,13.32,13.01,13.14,13.14,478900,0.007250289916902908,0.036670111524957694,0.19725361305042766
2016-08-26,13.17,13.34,12.94,13.05,13.05,697100,-0.006363387769045659,0.041149322448506,0.20550614695015446
2016-08-29,13.05,13.43,13.05,13.29,13.29,666300,0.013539313216331728,0.045305998449561624,0.20131060613692453
2016-08-30,13.32,13.46,13.24,13.32,13.32,886400,0.001529000611507847,0.036369905739892516,0.22242502847579404
2016-08-31,13.35,13.77,13.0,13.74,13.74,2795400,0.02999646820421864,0.07000583319113263,0.2510110360178448
2016-09-01,13.25,13.98,13.2,13.98,13.98,5196400,0.05384665163157365,0.05722522098355931,0.26535285271428055
2016-09-02,14.0,14.31,13.82,14.14,14.14,1780500,0.008807470299606823,0.07660335537032381,0.24432934807614348
2016-09-06,14.14,14.58,14.1,14.23,14.23,2237800,0.004115001366892468,0.07326321913943046,0.2492236314778955
2016-09-07,14.32,14.89,14.05,14.52,14.52,3109400,0.013416901024392303,0.09887702709183932,0.20258139238306105
2016-09-08,14.5,14.5,14.04,14.26,14.26,1413400,-0.016021150589685895,0.07002461033201568,0.19861600738528074
2016-09-09,14.2,14.43,13.655,13.67,13.67,1200500,-0.018828472897407522,0.04838720441406341,0.1612103625685739
2016-09-12,13.5,14.48,13.5,14.3,14.3,3367400,0.03972787255555543,0.04544939114997337,0.19122859823428984
2016-09-13,14.31,14.67,14.24,14.43,14.43,1521500,0.019315240140591605,0.05208313918273744,0.21581007808923358
2016-09-14,14.42,14.66,14.39,14.57,14.57,1050000,0.011331219385124047,0.05513855391933786,0.2178481661190954
2016-09-15,14.51,14.93,14.51,14.86,14.86,1243100,0.01358360710043982,0.06142094740106607,0.21450505868364145
2016-09-16,14.74,14.93,14.61,14.75,14.75,5572600,0.004094290378364729,0.037449425784306545,0.20177697303874265
2016-09-19,14.8,14.93,14.51,14.57,14.57,990200,-0.013388570412404377,0.04103267282279344,0.1850366919200206
2016-09-20,14.61,14.78,14.46,14.56,14.56,689000,-0.0005442035489182651,0.0574740236543847,0.18361432870484196
2016-09-21,14.66,14.89,14.52,14.76,14.76,773300,-0.0018097899260540729,0.029773300404308145,0.18223357273554486
2016-09-22,14.9,14.937,14.6,14.81,14.81,692400,-0.008928788560305101,0.0026847737934998506,0.17432580897525263
2016-09-23,14.8,14.88,14.5,14.51,14.51,531300,-0.0158240843870594,-0.022269591098674546,0.13708574897867898
2016-09-26,14.59,14.81,14.41,14.6,14.6,758400,0.0064649643670677825,-0.017111182254826218,0.154243095810628
2016-09-27,14.6,14.85,14.6,14.85,14.85,938900,0.010526855790172096,-0.0029058123439842376,0.17456996298066763
2016-09-28,14.87,15.11,14.79,15.09,15.09,1116900,0.010292535613879661,0.020103878144524412,0.17646715974889515
2016-09-29,15.06,15.56,15.05,15.21,15.21,1648500,0.018137734226308044,0.03837551031252895,0.18060664412086957
2016-09-30,15.31,15.85,15.31,15.76,15.76,2071900,0.023530429843366285,0.06317631948764513,0.20840484423305927
2016-10-03,15.76,16.25,15.6,16.18,16.18,1458300,0.02774810766121938,0.09584011322750552,0.20783324718730212
2016-10-04,16.25,16.59,16.145,16.34,16.34,1571200,0.011494707295830242,0.12535944091599438,0.2348317591069815
2016-10-05,16.4,16.48,16.139999,16.15,16.15,1102200,-0.017484208554666036,0.09456760344139425,0.21214058772706457
2016-10-06,16.15,16.450001,15.72,15.87,15.87,1066700,-0.018670369590132463,0.06604180266155435,0.19946244319371598
2016-10-07,15.82,15.961,15.31,15.74,15.74,1173500,-0.00022945025420328946,0.050325467699726456,0.18148662899905998
2016-10-10,15.83,15.96,15.56,15.65,15.65,606500,-0.012948436998727608,0.022709850273024745,0.1669465886540018
2016-10-11,15.69,15.73,15.12,15.23,15.23,952300,-0.018299941681652943,-0.019554907380965325,0.11884410366096132
2016-10-12,15.16,15.24,14.951,15.02,15.02,540500,-0.009983865781059365,-0.06415221122367454,0.08645581498006827
2016-10-13,14.85,14.95,14.47,14.74,14.74,834900,-0.008509405538503767,-0.09467395391616984,0.06355444982048786
2016-10-14,14.84,15.01,14.6,14.61,14.61,451200,-0.012483812218359258,-0.08775067288717997,0.05112669570045414
2016-10-17,14.6,14.78,14.44,14.55,14.55,564500,-0.0004019957294354448,-0.07085232772327998,0.029733088378596673
2016-10-18,14.75,14.779,14.47,14.49,14.49,394000,-0.018387442924486574,-0.07615956699286208,0.03530245167418222
2016-10-19,14.5,14.696,14.39,14.65,14.65,745500,0.008667462244589696,-0.05703790344922899,0.061521480790709404
2016-10-20,14.58,15.23,14.52,15.11,15.11,1345800,0.03625225090274098,-0.010065619363991196,0.06332909314699675
2016-10-21,15.01,15.22,14.834,15.16,15.16,791000,0.009135444049448438,0.008352582972755762,0.042725258770086594
2016-10-24,15.25,15.51,15.16,15.24,15.24,513800,-0.0019723203523964727,0.024590841451787693,0.03300673735293769
2016-10-25,15.24,15.25,14.97,15.05,15.05,477300,-0.009489305786059887,0.024910484703154268,0.014616233002542334
2016-10-26,14.98,15.07,14.71,14.71,14.71,467000,-0.01933892580999652,0.004874570076820461,-0.0028417673288894107
2016-10-27,14.82,14.9,14.47,14.53,14.53,443200,-0.014609097403543991,0.005827452200222627,9.723105161141277e-05
2016-10-28,14.55,14.77,14.44,14.52,14.52,483400,0.0006693164436994969,-0.0005398829885012724,0.0035075741478234335
2016-10-31,14.52,14.566,14.291,14.42,14.42,396300,-0.005204962292554516,-0.039621588406636654,-0.006065795663948048
2016-11-01,14.41,14.472,14.0,14.13,14.13,584300,-0.01162294351757831,-0.05651525393242185,-0.016474768955835106
2016-11-02,14.08,14.25,13.65,13.84,13.84,883700,-0.011730546740595482,-0.07123019105552242,-0.015953862603910185
2016-11-03,13.83,14.03,13.62,13.92,13.92,725700,0.0113296155110989,-0.052292671851462025,-0.020565256594093473
2016-11-04,13.88,14.21,13.728,14.05,14.05,779100,0.011506660627762955,-0.02022088205163719,-0.020156837036542363
2016-11-07,14.28,14.55,14.251,14.51,14.51,524800,0.0013610599025959402,-0.0006645497844597337,-0.020671196877372733
2016-11-08,14.41,14.685,14.25,14.64,14.64,454900,0.01131925423841107,0.0020653415092719563,-0.03280259465543356
2016-11-09,14.31,14.85,14.04,14.79,14.79,771800,0.01823046906036785,0.008031583446098,-0.061210531705495175
2016-11-10,14.94,15.14,14.46,14.77,14.77,812700,-0.011439464905630192,0.01823547422908378,-0.09407940795425684
2016-11-11,14.78,15.12,14.72,15.04,15.04,660500,0.01663418493289681,0.051939986137661265,-0.0893733173822433
2016-11-14,15.09,15.28,14.72,14.8,14.8,631100,-0.01873996715289694,0.025772440245147354,-0.08936041979034037
2016-11-15,14.94,15.18,14.72,14.96,14.96,707100,-0.004227061511606234,0.018109015805954698,-0.06808962389214201
2016-11-16,14.9,15.1,14.828,14.96,14.96,416000,0.004289785923117684,0.009457061369122055,-0.061539603207977134
2016-11-17,14.94,15.18,14.8,15.01,15.01,718300,0.0007759104451423582,0.002973701736127321,-0.05253874319233098
2016-11-18,15.02,15.35,15.02,15.32,15.32,810100,0.022042703095091376,0.026628223449148614,-0.015027400875381236
2016-11-21,15.34,15.88,15.26,15.3,15.3,713100,-0.007970636241942941,0.02119021071409266,-0.008736986016489645
2016-11-22,15.25,15.46,15.06,15.22,15.22,558600,-0.002595728912602624,-0.005729506195796041,-0.00042886966186950204
2016-11-23,15.23,15.5,15.05,15.47,15.47,586600,0.012833068569542583,0.025725735774094982,0.02411598887093458
2016-11-25,15.4,15.45,15.22,15.34,15.34,245600,-0.0071076467903492535,0.010080285012884271,0.01284298884402224
2016-11-28,15.29,16.120001000000002,15.23,15.49,15.49,1941500,0.016844290568223563,0.023496015875279053,0.038115979660164
2016-11-29,15.43,15.494,15.2,15.29,15.29,660000,-0.010885148718918103,0.010494775581704197,0.014993935838602201
2016-11-30,15.36,15.4,15.08,15.22,15.22,1598100,-0.006358816835974501,-0.014269131709380378,-0.019230913220770418
2016-12-01,15.6,15.897,14.62,15.06,15.06,2793400,-0.031088705782778003,-0.012575500256637007,-0.029665069245882414
2016-12-02,15.04,15.79,14.66,15.48,15.48,1474500,0.028456895410299055,0.021939784555017106,-0.0030799265586400892
2016-12-05,15.39,15.47,14.71,14.73,14.73,1398400,-0.04567495392253473,-0.049011893840988474,-0.04980638967320816
2016-12-06,14.83,15.2,14.79,15.12,15.12,1213700,0.01711709893150104,-0.013939223512834165,-0.005970804745632385
2016-12-07,15.14,15.15,14.83,15.07,15.07,548800,-0.018394400786804432,-0.04532818850067022,-0.013039661040728845
2016-12-08,15.04,15.1,14.94,15.06,15.06,794500,-0.0009263667092951344,-0.033818956793349564,-0.01828513796624609
2016-12-09,15.07,15.12,14.65,14.78,14.78,1051500,-0.023777736881867906,-0.05657594504084118,-0.036185269854974944
2016-12-12,14.7,14.9,14.37,14.39,14.39,564700,-0.020485715995365084,-0.07513285067688091,-0.04828266599034148
2016-12-13,14.41,14.59,14.3,14.39,14.39,821200,-0.0050933382608771005,-0.10876105207221931,-0.04061078757533698
2016-12-14,14.35,14.46,13.94,14.03,14.03,971200,-0.01588625527888121,-0.0704793184122865,-0.06799303623403263
2016-12-15,14.04,14.47,13.91,14.26,14.26,1069200,0.011889741831451417,-0.0808215612767813,-0.0665714839707765
2016-12-16,14.32,14.38,14.19,14.34,14.34,1174200,0.005258760228637804,-0.05708526708960404,-0.06946037834587315
2016-12-19,14.32,14.5,14.18,14.21,14.21,1041900,-0.009166419297327089,-0.0653445279459195,-0.08569500742143754
2016-12-20,14.2,14.4,14.14,14.35,14.35,611900,0.008630187371547748,-0.034482715050743185,-0.07869956835181613
2016-12-21,14.26,14.32,14.04,14.11,14.11,712100,-0.00821113923568495,-0.023285193233151258,-0.08980333345257652
2016-12-22,14.07,14.08,13.6,13.7,13.7,629800,-0.02577811916239403,-0.044389931606162225,-0.13694070531916047
2016-12-23,13.56,13.96,13.56,13.77,13.77,365400,0.01380303978083619,-0.02335905311889208,-0.11712452959807207
2016-12-27,13.76,14.05,13.751,13.91,13.91,709200,0.00967355640361145,-0.027874022122618136,-0.11255452189934934
2016-12-28,13.86,13.95,13.67,13.81,13.81,651100,0.005372487435532758,-0.03404399686412907,-0.11296143657912427
2016-12-29,13.8,13.92,13.67,13.89,13.89,702700,0.006607256224648417,-0.016894394030237958,-0.10556310318780282
2016-12-30,13.95,13.95,13.71,13.86,13.86,1455400,-0.0007803939206452171,-0.02058180963888523,-0.12590960143984997
2017-01-03,14.05,14.28,13.904,14.13,14.13,945300,0.002901372203937047,0.004666417213833984,-0.1063271269528352
2017-01-04,14.13,14.38,14.11,14.25,14.25,1213500,0.004419107347434004,0.03504038508338336,-0.09617081403998107
2017-01-05,14.24,14.65,14.2,14.56,14.56,1908600,0.021861648802651068,0.05348694131308873,-0.08936332405907832
2017-01-06,14.96,15.21,14.78,15.05,15.05,3382600,0.003429884838170416,0.0752062565847278,-0.047428550327505814
2017-01-09,15.11,15.27,14.9,15.2,15.2,1166400,0.00800368095764803,0.0875019964365702,-0.04895545601783313
2017-01-10,15.15,15.505,15.15,15.5,15.5,1292200,0.02320086570539459,0.10097705548126346,-0.015080823288243561
2017-01-11,15.59,16.42,15.5,16.4,16.4,2602300,0.04769386436383849,0.15210705215116027,0.04046658242069068
2017-01-12,16.360001,16.950001,16.059998999999998,16.950001,16.950001,1796400,0.035736742163082535,0.17639828637817834,0.08264665968198015
2017-01-13,17.0,17.389999,16.870001000000002,16.92,16.92,1848700,-0.005552593306675568,0.1700278697808919,0.05191727118589373
2017-01-17,16.889999,16.92,16.18,16.620001000000002,16.620001000000002,1038400,-0.01556380071456287,0.1328181759978908,0.09246674577980096
2017-01-18,16.700001,16.92,16.559998999999998,16.709999,16.709999,878700,-0.0006126757067925759,0.10686724924390179,0.07337792242923014
2017-01-19,16.67,17.219998999999998,16.6,17.02,17.02,1070600,0.024398669945521423,0.11539258554116572,0.1117653180240028
2017-01-20,17.049999,17.200001,16.799999,16.969998999999998,16.969998999999998,921400,-0.005297715274797721,0.08954530222195567,0.10828343572706167
2017-01-23,17.0,17.25,16.780001000000002,16.98,16.98,897900,-3.8804614185039554e-05,0.03921254416506148,0.13625507162659334
2017-01-24,17.02,17.129998999999998,16.67,17.040001,17.040001,937600,-0.00418629430892814,0.001063132513182019,0.15884264287204308
2017-01-25,17.23,17.48,17.02,17.4,17.4,1522100,0.005680492575473206,0.017595376180021383,0.17827369943813443
2017-01-26,17.41,17.459999,16.879998999999998,17.17,17.17,1257200,-0.01303240872852962,0.019942089692769116,0.18288815388485657
2017-01-27,17.15,17.4,17.09,17.309998999999998,17.309998999999998,742800,0.01117135925856072,0.02529133332704081,0.17949081703305225
2017-01-30,17.280001000000002,17.389999,16.950001,17.23,17.23,1079900,-0.0006598854706281188,0.004689067546794323,0.17353965266040117
2017-01-31,17.120001000000002,17.190001000000002,16.959999,17.07,17.07,1005000,-0.005055450574301901,0.0025525425991470563,0.17618050627212822
2017-02-01,17.08,17.275,16.82,17.209999,17.209999,939000,0.010228522404399865,0.007139328299304193,0.17787711497664072
2017-02-02,17.16,17.57,17.01,17.41,17.41,1197100,0.012638044094377854,0.02113912429151421,0.20326696039670855
2017-02-03,17.542999,17.73,17.42,17.67,17.67,827000,0.0033406898521191053,0.01581158682290651,0.23847521786720316
2017-02-06,17.709999,17.709999,17.450001,17.5,17.5,495700,-0.01117855580208893,0.020832655425575552,0.2270798624293242
2017-02-07,17.620001000000002,18.0,17.549999,17.73,17.73,1064600,0.00743942435621614,0.024675615018179275,0.23204045417384966
2017-02-08,17.700001,17.870001000000002,17.565001000000002,17.790001,17.790001,1052100,0.002838166587589619,0.02596555797200173,0.23354920749653196
2017-02-09,17.790001,18.25,17.790001,18.200001,18.200001,1491400,0.01793330791161374,0.051453797704352766,0.24452869800671895
2017-02-10,18.200001,18.24,17.85,18.02,18.02,1252400,-0.01159444118357511,0.030084997639518107,0.22854392225504405
2017-02-13,18.01,18.26,17.98,18.219998999999998,18.219998999999998,1256300,0.008784043151512044,0.02490639422240104,0.2235069374052756
2017-02-14,18.24,18.360001,18.02,18.190001000000002,18.190001000000002,1190400,-0.007659482924984307,0.011674241845168964,0.21510907462898876
2017-02-15,18.15,18.34,17.93,18.25,18.25,825300,-0.00034132128652153426,0.01753719366039208,0.19113011477662756
2017-02-16,18.27,18.34,18.0,18.110001,18.110001,581000,-0.007765600689650931,-0.0021295037041229037,0.15470469388499897
2017-02-17,18.049999,18.27,18.02,18.129998999999998,18.129998999999998,761900,0.0009499860891306611,-0.005388365907617931,0.14065884515234384
2017-02-21,18.18,18.209999,18.0,18.139999,18.139999,679100,-0.006638862486329167,-0.027915823641301518,0.11563581888415397
2017-02-22,18.129998999999998,18.190001000000002,17.709999,17.82,17.82,765400,-0.017970504531263032,-0.031131900881385288,0.04530496922249849
2017-02-23,17.74,18.115,17.440001000000002,17.52,17.52,1287400,-0.010919094318202927,-0.054334588042304066,-0.007225937015206796
2017-02-24,17.450001,17.945,17.32,17.93,17.93,1531100,0.022219232246063925,-0.02704751945590189,0.018033685392194965
2017-02-27,17.93,18.309998999999998,17.83,18.0,18.0,2055400,0.0019872662731628132,-0.022481658202312627,0.03583028057642412
2017-02-28,18.0,18.02,17.381001,17.620001000000002,17.620001000000002,1075500,-0.02030522875675489,-0.03440077146004894,0.013436673181048242
2017-03-01,17.82,18.309998999999998,17.768998999999997,18.26,18.26,2432200,0.017762542661952985,-0.011730277828162272,0.013535981783015849
2017-03-02,17.860001,18.25,16.559998999999998,16.790001,16.790001,5029700,-0.05640811190973771,-0.08430407520534455,-0.05821355854314625
2017-03-03,16.85,17.09,16.440001000000002,16.950001,16.950001,2474900,0.004993568239636925,-0.05860828212855829,-0.052515857071121275
2017-03-06,16.82,17.091,16.48,16.709999,16.709999,1392200,-0.006595085422608005,-0.0521890338456763,-0.06047810337406512
2017-03-07,16.639999,16.799999,16.549999,16.58,16.58,660100,-0.0026204413379407043,-0.07872149300885711,-0.07828318379668353
2017-03-08,16.65,16.74,16.469998999999998,16.52,16.52,762400,-0.004952166168012084,-0.08293905134020108,-0.06705086045654607
2017-03-09,16.5,16.639999,16.4,16.559998999999998,16.559998999999998,715300,0.003045942042212424,-0.0625649318965138,-0.07441959204250637
2017-03-10,16.639999,16.790001,16.41,16.6,16.6,890600,-0.0024404316616637445,-0.08551265200845748,-0.07666573777223595
2017-03-13,16.6,16.799999,16.450001,16.790001,16.790001,715600,0.010575819473426673,0.003553845250788612,-0.05721225589150469
2017-03-14,16.68,16.73,16.469998999999998,16.709999,16.709999,545800,0.003106602115839241,-0.006818265393813139,-0.0664734507642386
2017-03-15,16.68,16.870001000000002,16.66,16.860001,16.860001,569400,0.004458919587720711,0.0047565719801268,-0.07686065568545253
2017-03-16,16.799999,16.879998999999998,16.65,16.67,16.67,854700,-0.005113501283893651,-5.620116339644099e-05,-0.09415097178298648
2017-03-17,16.73,16.77,16.481001000000003,16.549999,16.549999,1404500,-0.008524315555569206,-0.004627123909269226,-0.09251063979139085
2017-03-20,16.530001000000002,16.85,16.469998999999998,16.780001000000002,16.780001000000002,755000,0.017018495274067735,0.009567766533781885,-0.08952744052690376
2017-03-21,16.84,16.85,16.059998999999998,16.08,16.08,990000,-0.031233396544123604,-0.019707402695838816,-0.1223386984400765
2017-03-22,16.02,16.215,15.73,16.190001000000002,16.190001000000002,1015800,0.008232532133286341,-0.025792209251738196,-0.13445826284759566
2017-03-23,16.16,16.540001,16.110001,16.379998999999998,16.379998999999998,785100,0.013526231182799275,-0.011672690580759593,-0.1082311389845163
2017-03-24,16.42,16.559998999999998,16.26,16.370001000000002,16.370001000000002,716500,-0.0003059798709061923,-0.012035752871847993,-0.11380280277970156
2017-03-27,16.209999,16.43,15.97,16.41,16.41,671100,0.006918673959455557,0.0011300874031872077,-0.10469512622496824
2017-03-28,16.360001,16.57,16.280001000000002,16.4,16.4,1005400,-0.005552391062358719,-0.0007953154795772299,-0.11084314893136016
2017-03-29,16.440001000000002,16.65,16.280001000000002,16.49,16.49,1178100,0.001090875780168865,-0.012220885362837386,-0.09961882218561824
2017-03-30,16.450001,16.5,16.200001,16.33,16.33,617600,-0.010176135705926015,0.005223976411968589,-0.11172635612048998
2017-03-31,16.25,16.49,16.1,16.309998999999998,16.309998999999998,714000,0.004573898941402366,0.0013265556036632375,-0.1052158836026309
2017-04-03,16.26,16.6,16.26,16.559998999999998,16.559998999999998,1181700,0.019764664844733826,0.005453744276956662,-0.07164549382617436
2017-04-04,16.49,16.85,16.49,16.559998999999998,16.559998999999998,894900,0.0019453916289489115,0.004660590758908345,-0.05480762397848915
2017-04-05,16.700001,17.605,16.67,17.120001000000002,17.120001000000002,2791400,0.030618948268651636,0.03751690818054865,-0.0401306985885177
2017-04-06,17.030001000000002,17.030001000000002,16.379998999999998,16.82,16.82,3285000,-0.013978576770723894,0.02574536223556745,-0.06261612849348008
2017-04-07,16.700001,16.837999,16.540001,16.68,16.68,1634700,-0.0007527032467367079,0.01382651170568261,-0.05139153901988669
2017-04-10,16.6,16.780001000000002,16.440001000000002,16.540001,16.540001,969000,-0.0036209453074622644,0.017391455307184334,-0.08260462298514337
2017-04-11,16.530001000000002,16.82,16.450001,16.82,16.82,563100,0.017451113785995176,0.034581225845995434,0.013669417448709087
2017-04-12,16.76,16.969998999999998,16.59,16.690001000000002,16.690001000000002,559400,-0.0011110573227726128,0.013734197393566294,0.0006969856959502252
2017-04-13,16.620001000000002,17.219998999999998,16.57,16.98,16.98,1266400,0.02700854698622024,0.038357967185718156,0.03573937705290531
2017-04-17,17.0,17.07,16.809998999999998,16.950001,16.950001,686600,-0.009947268768688566,-0.008303664131055655,0.03028713028928376
2017-04-18,16.85,16.99,16.780001000000002,16.950001,16.950001,747500,0.0060624263471944495,0.014210363835374551,0.03453328668209554
2017-04-19,17.02,17.135,16.82,16.91,16.91,1184600,-0.002804045443835612,0.02109624431645596,0.03226963719308307
2017-04-20,17.0,17.07,16.77,16.93,16.93,886100,-0.009723720451837448,0.0238655241865513,0.02677355320986541
2017-04-21,16.950001,17.01,16.780001000000002,16.799999,16.799999,562300,-0.006316453004341582,0.0009750303919693337,0.011090602589889809
2017-04-24,16.99,17.030001000000002,16.82,17.01,17.01,1825400,-0.00043374782117622246,0.006607693113383828,0.014122944203147192
2017-04-25,17.049999,17.139999,16.959999,17.0,17.0,868400,-0.00591370813122527,-0.024116987228291364,0.006865817844487143
2017-04-26,17.01,17.15,16.83,17.110001,17.110001,829400,0.0065023979538119114,-0.006836609639618629,0.02350672181306157
2017-04-27,17.219998999999998,17.254998999999998,17.1,17.190001000000002,17.190001000000002,501300,-0.0013543463015386337,-0.00563224880853852,0.03352816178282625
2017-04-28,17.25,17.280001000000002,17.08,17.24,17.24,868100,0.003388406299635438,-0.00016797665823586883,0.022533894001065313
2017-05-01,17.26,17.629998999999998,17.209999,17.549999,17.549999,1133600,0.016733351527971063,0.02226967631277299,0.06875063221847721
2017-05-02,17.530001000000002,17.85,17.530001000000002,17.799999,17.799999,765500,0.015234512356221863,0.039894521741926425,0.07677733358355443
2017-05-03,17.799999,17.98,17.634001,17.860001,17.860001,844400,0.0026825038676672186,0.04289107852657015,0.06868671331047693
2017-05-04,17.860001,18.32,17.764,18.23,18.23,1364600,0.020617952221981817,0.06947437890369779,0.08837594962003292
2017-05-05,18.299999,18.389999,18.1,18.370001000000002,18.370001000000002,1019900,0.0009296272590284538,0.06610876102718377,0.08848539543705813
2017-05-08,18.1,18.200001,17.34,17.76,17.76,2959000,-0.018729810134474167,0.028189135601353055,0.06251261286375653
2017-05-09,17.77,17.959999,17.700001,17.74,17.74,864900,0.00025267397301886874,0.023268782094306495,0.058023561458209194
2017-05-10,17.700001,18.139999,17.700001,18.129998999999998,18.129998999999998,735100,0.02281912186197399,0.02779397622937374,0.09132063203588237
2017-05-11,18.1,18.219998999999998,17.91,18.17,18.17,527900,0.004027045244819671,0.01920687615377803,0.09465765413366922
2017-05-12,18.18,18.299999,18.08,18.290001,18.290001,531500,0.00667634621970814,0.022631646447341947,0.08586461548086222
2017-05-15,18.280001000000002,18.629998999999998,18.26,18.52,18.52,886000,0.009565887609955581,0.01044019244506833,0.09415555130619291
2017-05-16,18.57,18.700001,18.43,18.690001000000002,18.690001000000002,783600,0.00805626327888298,0.01669476524659297,0.06766325250310246
2017-05-17,18.42,18.48,17.530001000000002,17.530001000000002,17.530001000000002,1186300,-0.03858644369147557,0.00477297607761118,0.041540226705800265
2017-05-18,17.51,17.51,16.76,17.059998999999998,17.059998999999998,2103800,-0.030709007022425183,-0.025983349232568287,0.018213700519958298
2017-05-19,17.18,17.545,17.01,17.43,17.43,1585300,0.010087733536075394,-0.03188770601811308,0.04204147071058495
2017-05-22,17.58,18.200001,17.549999,18.18,18.18,937300,0.03071153050789821,0.0007255950902447239,0.06080202337791851
2017-05-23,18.17,18.700001,18.049999,18.559998999999998,18.559998999999998,1405900,0.020661295477202746,0.011513824806672623,0.08364424289396855
2017-05-24,18.6,18.93,18.540001,18.889999,18.889999,994300,0.0142308874238668,0.0189201761319846,0.07471776025245935
2017-05-25,18.860001,19.08,18.74,18.77,18.77,1554200,-0.007075905876733124,-0.0017092921519710202,0.07425762448218709
2017-05-26,18.690001000000002,18.860001,18.4,18.83,18.83,1672000,0.00691609189491027,0.04690114877799756,0.07423101164842327
2017-05-30,18.700001,19.18,18.48,18.57,18.57,1565600,-0.007490232237694183,0.06505984350963745,0.06217729971313979
2017-05-31,18.6,18.76,18.040001,18.700001,18.700001,2499400,0.006948693827822705,0.057784446785710486,0.07596039330974413
2017-06-01,19.82,20.85,19.209999,20.48,20.48,8120900,0.02680966004436547,0.10418470841099747,0.16401170139694665
2017-06-02,20.549999,20.91,19.870001000000002,19.969998999999998,19.969998999999998,5015500,-0.031828762348268036,0.05641573158806068,0.1334522813686454
2017-06-05,19.25,19.440001000000002,19.01,19.15,19.15,9315100,-0.004498453906329747,0.0005678355453939687,0.09940258302614469
2017-06-06,19.139999,19.41,19.02,19.049999,19.049999,4886700,-0.0036477792239946183,0.008919967551423547,0.09001420167322927
2017-06-07,19.219998999999998,19.219998999999998,18.540001,18.620001000000002,18.620001000000002,2378400,-0.032171274778908465,-0.018358775279717854,0.06150448517724394
2017-06-08,18.66,19.200001,18.629998999999998,19.190001000000002,19.190001000000002,2294000,0.028204362717398457,0.024225709137496665,0.08657098550887232
2017-06-09,19.17,19.33,18.139999,18.459999,18.459999,2786500,-0.035842386003761106,-0.021163420916534115,0.03252729608043703
2017-06-12,18.35,18.610001,17.4,18.57,18.57,2940700,0.010471944805192201,-0.09762560511069074,0.026491574544329488
2017-06-13,18.85,18.940001000000002,18.49,18.57,18.57,2156100,-0.017509470971198926,-0.07320838679890151,0.017352816043173735
2017-06-14,18.629998999999998,18.74,18.190001000000002,18.299999,18.299999,1829100,-0.015483565726946313,-0.046148455032071656,-0.016220250909624756
2017-06-15,17.981001000000003,18.58,17.981001000000003,18.57,18.57,2089900,0.028805378154333816,-0.026807217358983948,-0.002901776712938453
2017-06-16,18.52,18.790001,18.485001,18.59,18.59,3210800,0.0029873097627244327,-0.0016166374274861894,0.031698712148404695
2017-06-19,18.84,19.24,18.74,19.120001000000002,19.120001000000002,2096200,0.010296029112904836,-0.011703930348846647,0.05159827306571918
2017-06-20,19.07,19.371,18.73,18.73,18.73,1895000,-0.012412659716164232,0.01235964035567605,0.017092960206739338
2017-06-21,18.870001000000002,19.0,18.530001000000002,18.790001,18.790001,1332100,-0.0027305915540218884,0.009220361829599621,0.01650506022015108
2017-06-22,18.790001,19.040001,18.76,18.950001,18.950001,2186200,0.009669578213580277,0.02265672409297448,0.017377893688806267
2017-06-23,18.950001,19.25,18.77,19.190001000000002,19.190001000000002,4878700,0.01108725134954014,0.047332446405419226,0.02067200305072614
2017-06-26,19.23,19.309998999999998,18.98,19.139999,19.139999,1829200,-0.0029502747902809823,0.027519186347170432,0.00792264438763901
2017-06-27,19.42,19.93,19.030001000000002,19.09,19.09,4245900,-0.010153136464513324,0.03221624927180544,0.05914198534259896
2017-06-28,18.93,19.01,18.139999,18.85,18.85,4364600,-0.009159698766764812,-0.009003550791944814,0.06857807150634265
2017-06-29,18.76,18.76,17.860001,18.059998999999998,18.059998999999998,2329900,-0.02869807041766803,-0.02929047244509997,0.019690193779752452
2017-06-30,18.15,18.559998999999998,18.129998999999998,18.24,18.24,2101400,0.007332785877121051,-0.024686202487377518,-0.008906737357471162
2017-07-03,18.32,18.42,17.92,18.08,18.08,688500,-0.012207709064403272,-0.04474000374324172,-0.038875934861108075
2017-07-05,18.08,18.360001,17.98,18.110001,18.110001,1714000,0.0009341826178776991,-0.05555993471324516,-0.05380810779450362
2017-07-06,17.91,18.139999,17.73,17.77,17.77,1220700,-0.002182587518749557,-0.06217485230516484,-0.05254291576555481
2017-07-07,17.83,18.23,17.809998999999998,18.190001000000002,18.190001000000002,978100,0.015170166321759382,-0.050687049994520006,-0.03844621342991861
2017-07-10,18.18,18.295,18.014999,18.049999,18.049999,910200,-0.008380069634148501,-0.0379195789797202,-0.034401350983015
2017-07-11,18.030001000000002,18.34,17.98,18.290001,18.290001,930900,0.015067522912868725,0.010248500584481235,-0.0278457524214768
2017-07-12,18.459999,18.790001,18.4,18.67,18.67,920600,0.008237379736613537,0.015147455598875759,-0.09794399016959288
2017-07-13,18.68,18.84,18.5,18.809998999999998,18.809998999999998,1446200,0.005774236538740318,0.0318640565754893,-0.06342760987367946
2017-07-14,18.93,18.99,18.754998999999998,18.870001000000002,18.870001000000002,989100,-0.007294046223355277,0.030180514153413718,-0.024195429186483874
2017-07-17,18.85,19.115,18.790001,19.02,19.02,1225400,0.00912456866134459,0.04769077081748785,-0.013772112499490508
2017-07-18,18.98,19.299999,18.93,19.27,19.27,2152000,0.013239460589840935,0.043173825150481626,0.023086387000280872
2017-07-19,19.360001,19.99,19.305,19.85,19.85,2411500,0.020952492094644892,0.07612384575186937,0.017496785631357703
2017-07-20,19.92,20.0,19.719998999999998,19.73,19.73,1454900,-0.008731192635201168,0.056221954724003265,0.04953962321906058
2017-07-21,19.780001000000002,19.91,19.59,19.68,19.68,1385400,-0.007149538303925063,0.040768076192629454,0.04044969113372732
2017-07-24,19.59,19.790001,19.360001,19.690001000000002,19.690001000000002,1275400,0.005953770852290763,0.03674262584748211,0.04652340277270417
2017-07-25,19.690001000000002,19.98,19.596001,19.889999,19.889999,1003000,0.01040882307747193,0.04540761154551243,0.06736063739110021
2017-07-26,19.969998999999998,19.98,19.76,19.92,19.92,827100,-0.0016436021804104861,0.038661638234251505,0.051696743093744946
2017-07-27,19.92,20.200001,19.040001,19.450001,19.450001,1750300,-0.020916329149002433,0.0032969221386607295,0.02799994656642779
2017-07-28,19.299999,19.559998999999998,19.094,19.24,19.24,970700,-0.004319771113469262,-0.03051300488250197,-0.0013122889022976203
2017-07-31,19.280001000000002,19.35,18.785,18.85,18.85,1206600,-0.02027494967952448,-0.04435310933089909,-0.007173126467514557
2017-08-01,18.969998999999998,19.139999,18.92,19.01,19.01,959800,0.002409244505752195,-0.03617749844333806,-0.004948169139210368
2017-08-02,19.07,19.120001000000002,18.34,18.799999,18.799999,1614200,-0.0131261444503461,-0.04935071825128645,-0.02548403957155676
2017-08-03,18.799999,18.965,18.690001000000002,18.74,18.74,634300,-0.0016322838798208394,-0.05754840786253812,-0.03752021687685714
2017-08-04,18.799999,18.870001000000002,18.615,18.690001000000002,18.690001000000002,1172400,-0.00584803351087837,-0.06333191679922434,-0.03915436005264983
2017-08-07,18.700001,18.965,18.6,18.84,18.84,622100,0.005937924625101232,-0.03408019813202001,-0.03829650083739766
2017-08-08,18.690001000000002,18.950001,18.629998999999998,18.77,18.77,634200,0.00565619059004252,-0.025871603894813244,-0.01818034200516605
2017-08-09,18.610001,18.879998999999998,18.549999,18.799999,18.799999,686000,0.006647151155598774,-0.004160842755561944,0.017956503222023468
2017-08-10,18.75,18.879998999999998,17.76,17.9,17.9,1796900,-0.03531128072981771,-0.044642849750831104,-0.024904816402663954
2017-08-11,17.959999,18.6,17.959999,18.23,18.23,1507200,0.014806870989342524,-0.016048863882709874,0.0032071002889750844
2017-08-14,18.43,18.674999,18.360001,18.530001000000002,18.530001000000002,614900,0.0009892186064099917,-0.008709511647083445,0.00933020618930458
2017-08-15,18.559998999999998,18.68,18.495001000000002,18.610001,18.610001,867200,0.004332285187891749,0.0006563742698029174,0.02367686652231793
2017-08-16,18.690001000000002,18.924999,18.629998999999998,18.84,18.84,724500,0.00820416876711283,0.005172673980197828,0.017563223137320172
2017-08-17,18.75,18.954,18.58,18.59,18.59,1033300,0.004894471222288921,0.008676615199151971,0.028415852173706124
2017-08-18,18.52,18.84,18.51,18.75,18.75,768900,0.013203748146986438,0.017122978869415384,0.024830981506957617
2017-08-21,18.76,18.93,18.66,18.91,18.91,643200,0.00678132923033381,0.05893401878999471,0.018881746788455
2017-08-22,18.98,19.43,18.950001,19.43,19.43,1107600,0.01575375391334788,0.0591765851868602,0.030519628900345985
2017-08-23,19.299999,19.705,19.299999,19.530001000000002,19.530001000000002,1059300,0.01219032236245532,0.06144083400752587,0.04059052604341673
2017-08-24,19.6,19.82,19.43,19.74,19.74,872200,0.010776223943318897,0.069405725853529,0.04539182155835908
2017-08-25,19.83,20.059998999999998,19.530001000000002,19.58,19.58,1002600,-0.012003999112495833,0.04873180809705602,0.023121206083894563
2017-08-28,19.639999,19.91,19.469998999999998,19.620001000000002,19.620001000000002,833000,0.000252867586434391,0.048086847988305426,0.000378854410142182
2017-08-29,19.379998999999998,19.559998999999998,19.17,19.280001000000002,19.280001000000002,1884200,-0.011060644324577318,0.019356212634142,-0.012034760582903647
2017-08-30,19.35,19.68,18.969998999999998,19.639999,19.639999,3208300,0.010173192703268885,0.025916437144586357,0.0040301077404119034
2017-08-31,18.969998999999998,19.785,18.75,19.620001000000002,19.620001000000002,4419800,0.030042835832413406,0.0019573315536689506,-0.004265665393467177
2017-09-01,19.52,19.618999,18.995001000000002,19.059998999999998,19.059998999999998,3050400,-0.024708224035633553,-0.03757400899889385,-0.042391094500989546
2017-09-05,18.82,19.003,18.309998999999998,18.360001,18.360001,3480100,-0.019672837752192862,-0.08018381113210626,-0.07345362780799869
2017-09-06,18.440001000000002,18.535,18.139999,18.290001,18.290001,2535600,-0.008861540096428033,-0.0773177075206184,-0.05749342357538456
2017-09-07,18.370001000000002,18.440001000000002,18.17,18.17,18.17,758100,-0.009747044797438598,-0.0852758050061353,-0.054383945713491144
2017-09-08,18.15,18.18,17.84,17.889999,17.889999,1164000,-0.01409560726089909,-0.08099225466968196,-0.04867390592168652
2017-09-11,18.040001,18.389999,18.01,18.309998999999998,18.309998999999998,1063900,0.009378750782238932,-0.08246314630119089,-0.042255540117440926
2017-09-12,18.360001,18.719998999999998,18.34,18.709999,18.709999,1473800,0.017063415393081982,-0.057487245805338816,-0.012402192947519541
2017-09-13,18.690001000000002,18.805,18.49,18.66,18.66,1169000,-0.003401348086830236,-0.029981733989310477,-0.014824420627761903
2017-09-14,18.58,18.68,18.4,18.459999,18.459999,990400,-0.0069044160939411015,-0.009818483034178538,-0.019940194042952886
2017-09-15,18.440001000000002,18.799999,18.16,18.459999,18.459999,2312700,-0.000741618124137311,-0.004720195558934659,-0.028133421002299208
2017-09-18,18.48,18.559998999999998,18.1,18.209999,18.209999,1575500,-0.015261576874545657,-0.01340621089023264,-0.04191855270891054
2017-09-19,18.26,18.365,18.190001000000002,18.280001000000002,18.280001000000002,1095300,0.0009511719303976207,0.0033610721089534223,-0.041151991057171156
2017-09-20,18.26,18.26,17.76,17.84,17.84,1649600,-0.02382802505723447,-0.03406205578217181,-0.03167474614878163
2017-09-21,17.719998999999998,17.860001,17.459999,17.469998999999998,17.469998999999998,2882600,-0.011588960767354273,-0.07022203050356435,-0.06657535956837402
2017-09-22,17.450001,18.190001000000002,17.25,18.17,18.17,5463500,0.038447985038692956,-0.028150073196565373,-0.03426498217724383
2017-09-25,18.5,18.65,18.15,18.299999,18.299999,2685300,-0.009776870974242069,-0.009121730875009337,-0.02971829918776514
2017-09-26,18.469998999999998,18.52,17.895,18.17,18.17,1651800,-0.01469516429445994,-0.014477540449195025,-0.04778363543169206
2017-09-27,18.290001,18.809998999999998,18.290001,18.76,18.76,1786500,0.023879517584680432,0.02849089650817005,-0.02210427139989246
2017-09-28,18.610001,19.01,18.610001,18.790001,18.790001,1411600,0.006972828829732602,0.02615772640805991,-0.03211724351852663
2017-09-29,18.84,19.445,18.84,19.32,19.32,3662700,0.021420417374719225,0.07527406613280174,-0.0153346988059746
2017-10-02,19.290001,19.41,18.74,18.790001,18.790001,1766500,-0.029398515299267736,0.06149907960144896,-0.06425286515378525
2017-10-03,18.82,19.299999,18.75,19.24,19.24,1874200,0.020397053302720902,0.04436991545760449,-0.05133590072716521
2017-10-04,19.200001,19.389999,19.049999,19.16,19.16,1252100,-0.0037656320191037373,0.029603653487889847,-0.06952037155340429
2017-10-05,19.23,19.280001000000002,18.950001,19.049999,19.049999,1239800,-0.013806683226746497,0.025416313049607897,-0.07109913047914018
2017-10-06,19.0,19.35,18.950001,19.23,19.23,2260900,0.011290880463638242,0.008016795807735733,-0.062174323580462154
2017-10-09,19.219998999999998,19.25,19.059998999999998,19.129998999999998,19.129998999999998,1109300,-0.002079899716951328,0.0042149991371021045,-0.047258457015566524
2017-10-10,19.16,19.25,18.85,19.120001000000002,19.120001000000002,1071200,-0.0023446450676964936,-0.022745191496719386,-0.06399632744728034
2017-10-11,19.15,19.299999,18.959999,19.200001,19.200001,2189900,0.0007979794393109252,0.011310778085529716,-0.05489941862192449
2017-10-12,19.190001000000002,19.299999,19.08,19.26,19.26,2056000,0.004405160131970121,-0.005391037156722067,-0.019152928884993425
2017-10-13,19.459999,20.24,19.459999,20.209999,20.209999,5608500,0.03879123563466891,0.047290932808369046,0.05795437238707102
2017-10-16,20.23,20.440001000000002,19.549999,20.059998999999998,20.059998999999998,3701000,-0.009248517604836692,0.04948058835461655,0.05569916539609476
2017-10-17,20.08,20.219998999999998,20.02,20.219998999999998,20.219998999999998,2277600,0.006091748026956445,0.04627394563709242,0.06937542706276556
2017-10-18,20.370001000000002,20.57,20.105,20.549999,20.549999,4028800,0.009426054075770463,0.06512837843277941,0.09886217608689485
2017-10-19,20.379998999999998,20.610001,20.209999,20.59,20.59,1131800,0.006846115488440052,0.06958755426818275,0.0880543731220933
2017-10-20,20.799999,21.76,20.694,21.530001000000002,21.530001000000002,3224500,0.03151940471124304,0.10675210645642297,0.1093399336398373
2017-10-23,21.42,21.52,20.594998999999998,20.6,20.6,2259500,-0.03393969664991969,0.06176796780822613,0.07259677291254318
2017-10-24,20.700001,21.15,20.6,21.110001,21.110001,1560900,0.01943021388946109,0.03733784646137428,0.10511070188262384
2017-10-25,21.030001000000002,21.559998999999998,20.889999,21.34,21.34,2516300,0.01829079334253736,0.06204711089853632,0.12246647185356574
2017-10-26,21.48,21.549999,21.200001,21.5,21.5,1112000,0.0008057459535097955,0.06097458203042372,0.14375621998342192
2017-10-27,21.65,21.83,21.34,21.620001000000002,21.620001000000002,1357000,-0.0055835989732648805,0.043053227010160455,0.13855433098810188
2017-10-30,21.6,21.6,21.32,21.530001000000002,21.530001000000002,1093600,-0.0013355221502133752,0.040462619053223126,0.16257904795748823
2017-10-31,21.549999,22.07,21.469998999999998,21.950001,21.950001,1310600,0.018674833522841272,0.019300392524868037,0.19886235666826968
2017-11-01,22.08,22.27,21.575001,21.82,21.82,1226200,-0.010353792108194426,0.05194523050472766,0.15269207661383621
2017-11-02,21.75,22.16,21.709999,22.120001000000002,22.120001000000002,959900,0.01671722821393118,0.04257129159010686,0.15680372434774004
2017-11-03,21.799999,21.92,21.35,21.91,21.91,2267000,0.0027467997065908634,0.014429641562923035,0.1513736538656838
2017-11-06,21.940001000000002,22.16,21.620001000000002,21.73,21.73,942100,-0.0110311818894675,-0.0012897117002248493,0.11397561177502702
2017-11-07,21.620001000000002,21.75,21.4,21.48,21.48,858600,-0.005929239814388865,-0.01019742896946596,0.10219917561057601
2017-11-08,21.4,22.049999,21.379998999999998,22.049999,22.049999,1012700,0.027733779611443854,0.0155241674451152,0.10282914926980169
2017-11-09,22.028999,22.028999,21.5,21.85,21.85,1161600,-0.008398754769008754,-0.00819430025038237,0.12916897681643835
2017-11-10,21.709999,22.055,21.65,22.030001000000002,22.030001000000002,860200,0.013810912314283996,0.008439079779543501,0.11676124093577522
2017-11-13,21.91,22.0,21.790001,21.950001,21.950001,823300,-0.0013960693897949739,-0.009647385625832339,0.11755268523401785
2017-11-14,21.879998999999998,22.049999,21.66,21.889999,21.889999,886700,2.2495554901968973e-05,0.002558933312064582,0.12851627412814048
2017-11-15,21.700001,21.93,21.219998999999998,21.84,21.84,880300,0.008312328278850423,0.015333020333395897,0.12129183630068718
2017-11-16,21.889999,22.290001,21.809998999999998,22.290001,22.290001,1304400,0.013188389767052389,0.03894781261146907,0.13693198908494297
2017-11-17,22.129998999999998,22.34,21.860001,22.120001000000002,22.120001000000002,1899900,0.0011327740538300546,0.009173586162146918,0.134747926928668
2017-11-20,22.129998999999998,23.059998999999998,21.950001,22.75,22.75,4380600,0.026604266569840274,0.04132429329373544,0.15918249202464407
2017-11-21,23.02,23.18,22.66,23.09,23.09,1655600,-0.0007647586730357148,0.040536601158785324,0.16268887925128261
2017-11-22,23.200001,23.58,23.1,23.52,23.52,1496200,0.014941725618936808,0.06435981547472291,0.13462156790037172
2017-11-24,23.6,23.93,23.59,23.82,23.82,711300,0.008510040954457398,0.07540531054920852,0.15444099632273245
2017-11-27,23.860001,24.1,21.66,23.01,23.01,3105100,-0.03579800918344844,0.03793869848869358,0.11295658915228834
2017-11-28,22.98,23.0,22.34,22.790001,22.790001,2796400,-0.01636670520554162,0.006298961087955579,0.07810257174011914
2017-11-29,22.860001,22.924999,21.33,21.940001000000002,21.940001000000002,3599000,-0.040411028613720035,-0.026315578236655313,0.03884479442382993
2017-11-30,20.889999,22.719998999999998,20.41,21.030001000000002,21.030001000000002,6057400,0.0015104664837846116,-0.10364268176530622,-0.051212296197085116
2017-12-01,21.040001,21.139999,20.08,20.889999,20.889999,2829500,-0.006065460778303944,-0.11661024792341612,-0.01568933648035964
2017-12-04,21.110001,21.18,19.559998999999998,19.75,19.75,3746400,-0.05989101773797012,-0.19087661576066273,-0.09359289432166529
2017-12-05,19.690001000000002,20.979,19.549999,20.35,20.35,4839400,0.03684519920532692,-0.16782326123281388,-0.07542937580861775
2017-12-06,20.290001,20.514999,20.08,20.5,20.5,1926700,0.0091435959450612,-0.12615284682837968,-0.07417083970651506
2017-12-07,20.559998999999998,21.530001000000002,20.559998999999998,21.530001000000002,21.530001000000002,3067900,0.0428332927990982,-0.060651092767979975,-0.025601748038021288
2017-12-08,21.67,21.74,20.66,20.799999,20.799999,1596700,-0.042972981628139006,-0.06299562145929638,-0.06461344608868957
2017-12-11,20.9,21.139999,20.66,20.700001,20.700001,1255700,-0.012552078465126293,-0.02049260363007077,-0.09100529235202393
2017-12-12,20.76,21.084999,20.639999,20.68,20.68,2202000,-0.004754812121166019,-0.018354099431378224,-0.08598866641646552
2017-12-13,20.780001000000002,21.08,20.52,20.59,20.59,1554200,-0.007407051282745325,0.03282176618678445,-0.1033424197249877
2017-12-14,20.58,20.93,20.58,20.629998999999998,20.629998999999998,1377800,0.0076392036430279475,0.00516788047844452,-0.08469113689309626
2017-12-15,20.690001000000002,21.360001,20.58,21.190001000000002,21.190001000000002,3157200,0.01818961196407276,0.01555862175573175,-0.05732250625055846
2017-12-18,21.379998999999998,21.620001000000002,21.25,21.4,21.4,1904200,-0.0006422909317729264,-0.02602275910051688,-0.04142707816907221
2017-12-19,21.41,21.49,20.879998999999998,20.889999,20.889999,1675600,-0.02040460874574901,-0.006922034131876753,-0.08705964766568153
2017-12-20,20.98,21.16,20.719998999999998,20.92,20.92,1596000,0.0004634910262857339,0.0033573456338835683,-0.07945364646775799
2017-12-21,20.959999,21.045,20.665001,20.700001,20.700001,1270000,-0.013059621440032476,-0.0066838092690102435,-0.10111155546501926
2017-12-22,20.610001,20.698999,20.405001000000002,20.639999,20.639999,1949400,0.0017823008745101454,-0.0052399343044502444,-0.0989349684036056
2017-12-26,20.5,21.190001000000002,20.379998999999998,21.1,21.1,1440900,0.028322027522221127,0.01184126441280009,-0.07540880579236076
2017-12-27,21.0,21.18,20.84,21.1,21.1,1334600,0.0045567365434782126,-0.006798191216175198,-0.07945371780012955
2017-12-28,21.190001000000002,21.305,21.011,21.24,21.24,978700,0.001820849300148808,-0.0065303785424268845,-0.08690526932296816
2017-12-29,21.24,21.52,21.120001000000002,21.120001000000002,21.120001000000002,1162400,0.0001297727718032604,0.013885460135044436,-0.08234777369278401
2018-01-02,21.24,21.559998999999998,21.08,21.49,21.49,1866900,0.007210387077522196,0.020720238393702406,-0.10005770136779102
2018-01-03,21.6,21.940001000000002,21.48,21.68,21.68,1268200,-0.0019251132097117818,0.035699848562763314,-0.10594830806104127
2018-01-04,22.0,22.389999,21.926001,22.33,22.33,2029400,0.013169092308940922,0.06366478017710309,-0.09963000370122543
2018-01-05,22.33,22.379998999999998,21.41,21.450001,21.450001,2593500,-0.04452453463663186,-0.006651863589297147,-0.15746597993086642
2018-01-08,21.35,21.59,21.035,21.559998999999998,21.559998999999998,2055400,0.007952006726413607,-0.0024071915997696536,-0.11979960788859279
2018-01-09,21.299999,21.549999,20.940001000000002,20.98,20.98,1859300,-0.015188359111318217,-0.03576020860421858,-0.12896443901514232
2018-01-10,20.76,21.309998999999998,20.65,21.18,21.18,1291300,0.019053658097982762,-0.02469056767983302,-0.08072276313596172
2018-01-11,21.26,22.18,21.190001000000002,22.139999,22.139999,2282700,0.03527274066267427,0.0035308222330545647,0.0071158026305697675
2018-01-12,22.120001000000002,22.370001000000002,21.91,22.25,22.25,1412100,7.904917144108126e-05,-0.0006640101103010387,0.009997929752073809
2018-01-16,22.4,22.620001000000002,21.83,22.08,22.08,2713500,-0.006303131709380239,-0.03032343084226863,0.060923181217168665
2018-01-17,22.16,22.4,21.898001,22.299999,22.299999,1380500,8.744618768652401e-06,0.01743549477273243,0.027792776074679892
2018-01-18,22.26,22.357,21.629998999999998,21.940001000000002,21.940001000000002,1938400,-0.01291929598484165,-0.0006759844250039393,0.005677254514782959
2018-01-19,22.040001,22.74,22.01,22.68,22.68,2159200,0.025880785275556484,0.05669252601665242,-0.01162082023050992
2018-01-22,22.65,22.9,22.445,22.709999,22.709999,1091900,-0.005794685973600888,0.03937941165077685,0.021652269974111515
2018-01-23,22.709999,23.319,22.66,23.07,23.07,1606000,0.0142897250897418,0.015615650969093231,0.04322405722973377
2018-01-24,23.139999,23.23,22.48,22.540001,22.540001,1121200,-0.02349796225538947,-0.005294935934760048,0.023057093248691984
2018-01-25,22.76,22.797001,22.200001,22.200001,22.200001,1017600,-0.02245338664305585,-0.016957520338649168,0.011143894691735046
2018-01-26,22.360001,22.440001000000002,22.229,22.41,22.41,1612300,-0.006643590441443248,-0.0198576103976027,0.002767285198632674
2018-01-29,22.34,22.5,22.059998999999998,22.09,22.09,988900,-0.006464210777824775,-0.012827709006219656,-0.022709076247168447
2018-01-30,21.809998999999998,22.325001,21.639999,22.25,22.25,1085700,0.02361971992000811,-0.023448405531391714,-0.009046466661384756
2018-01-31,22.450001,22.51,22.120001000000002,22.24,22.24,925700,-0.006357338862295059,-0.017674279435093254,0.010900024670895014
2018-02-01,22.1,22.559998999999998,22.0,22.389999,22.389999,780500,0.011075227545622734,-0.023859819379803415,0.016006892216046786
2018-02-02,22.24,22.290001,21.799999,21.809998999999998,21.809998999999998,729300,-0.00272597382094375,-0.005987604108790734,0.023753298408911494
2018-02-05,21.43,21.84,20.790001,20.84,20.84,1420600,0.006267598122772888,0.0061622780477765815,0.02254610704396187
2018-02-06,20.32,21.049999,20.08,20.85,20.85,1862200,-0.004521810778597146,-0.008291880100150362,-0.017365859314317778
2018-02-07,20.85,21.07,20.6,20.629998999999998,20.629998999999998,929500,-0.007149369666636929,-0.006257877256655053,-0.022168762287648303
2018-02-08,20.790001,20.870001000000002,19.860001,19.860001,19.860001,987700,-0.006256905663894141,-0.024213028446402607,-0.026729116565360478
2018-02-09,20.110001,20.42,19.25,20.23,20.23,1174000,-0.0008573310169643911,-0.01964132639627847,-0.02262676186042789
2018-02-12,20.4,20.610001,20.15,20.5,20.5,1123200,-0.002384148145408549,-0.027571972271624112,-0.03228531844927973
2018-02-13,20.459999,20.700001,20.27,20.370001000000002,20.370001000000002,1127600,-0.010688076897928944,-0.03173392961104504,-0.04368047976489686
2018-02-14,20.16,21.25,20.110001,21.200001,21.200001,1183800,0.03257271702143738,-0.0014576438064999309,-0.042576316939641146
2018-02-15,21.98,22.25,21.5,22.16,22.16,1464800,0.0016394167170106222,0.04764396987962849,0.03692997415460786
2018-02-16,22.07,22.549999,22.030001000000002,22.120001000000002,22.120001000000002,1015500,0.00040194843234253597,0.051057461254804704,0.031295890566926055
2018-02-20,22.0,22.969998999999998,21.750999,22.57,22.57,1738700,0.028053737253941335,0.07683486478692103,0.08586595682577913
2018-02-21,22.549999,22.959999,22.52,22.719998999999998,22.719998999999998,1941800,0.014592979969840325,0.08533719146718699,0.08740099728659212
2018-02-22,22.9,22.98,22.5,22.68,22.68,1186300,-0.007267206794048686,0.083162473580773,0.0473463328984387
2018-02-23,22.85,23.32,22.67,23.32,23.32,1121000,0.008828202434029375,0.10406020656051407,0.061043736905918244
2018-02-26,23.379998999999998,24.0,23.17,23.9,23.9,1815100,0.013967847263862243,0.09031435584762315,0.07806146975025063
2018-02-27,23.870001000000002,24.41,23.690001000000002,24.01,24.01,2549300,0.018941939430723753,0.07540384742969586,0.09489832681157129
2018-02-28,24.16,24.5,23.83,24.059998999999998,24.059998999999998,3182100,0.010465869738291556,0.09082195204034482,0.12279382703227482
2018-03-01,20.6,20.83,18.360001,18.450001,18.450001,14925000,-0.09630066463632136,-0.18724821259077906,-0.15807478178165235
2018-03-02,18.360001,19.02,17.530001000000002,18.82,18.82,7607100,0.012648627029340886,-0.18458691218442969,-0.13656532654861442
2018-03-05,18.299999,18.85,18.219998999999998,18.790001,18.790001,3184100,0.011658735003633236,-0.1944186486234356,-0.16268796669409014
2018-03-06,18.84,19.48,18.43,19.41,19.41,3464100,0.03056087404493546,-0.1765171054384327,-0.1101784325977544
2018-03-07,19.23,20.620001000000002,19.209999,20.09,20.09,4734600,0.03763686900935648,-0.15447799087199066,-0.059459000783090854
2018-03-08,20.08,20.780001000000002,20.07,20.77,20.77,1927600,0.03151184452578315,-0.14302394303406807,-0.028268005824894082
2018-03-09,20.969998999999998,21.1,20.690001000000002,20.93,20.93,2381800,-0.01406223195235512,-0.1658176557401787,-0.030196119701684232
2018-03-12,20.93,21.120001000000002,20.65,20.76,20.76,2549800,-0.005457014885900779,0.07937394167476208,-0.055252434575498555
2018-03-13,20.790001,21.155001000000002,20.139999,20.41,20.41,2240700,-0.00873070752147953,0.05395784660302505,-0.06493320051049611
2018-03-14,20.42,20.940001000000002,20.360001,20.719998999999998,20.719998999999998,1412700,0.023484733120065382,0.0873400940258735,-0.051488053288413216
2018-03-15,20.85,21.15,20.52,21.09,21.09,1637700,0.01396792888270637,0.07599380813875767,-0.028197020350205992
2018-03-16,21.08,21.43,20.91,21.309998999999998,21.309998999999998,2643700,0.010328305741781119,0.049751441414497055,-0.01586983741637038
2018-03-19,21.110001,21.16,20.77,20.92,20.92,2167000,0.0013946136937819098,0.016752411200547712,-0.0032237145241960086
2018-03-20,20.9,21.84,20.719998999999998,21.690001000000002,21.690001000000002,2719200,0.03640637413755732,0.060973082414648605,0.037034839969619426
2018-03-21,21.780001000000002,22.809998999999998,21.66,22.719998999999998,22.719998999999998,3603200,0.04338111941377676,0.11609363427374442,0.08505422814464847
2018-03-22,22.35,23.215,22.27,22.75,22.75,2782700,0.03560985995340493,0.1535172881309741,0.10822541401675645
2018-03-23,22.639999,23.299999,20.82,20.889999,20.889999,4589300,-0.05811617608372721,0.06859711505066013,0.044681034033871025
2018-03-26,21.23,21.389999,20.639999,21.32,21.32,1976800,-0.01062432342828501,0.04369528433343328,0.04723219359427233
2018-03-27,21.41,21.48,20.32,20.469998999999998,20.469998999999998,1394300,-0.024083374673135705,0.011761915023126956,-0.002650278586743493
2018-03-28,20.370001000000002,20.549999,19.82,20.219998999999998,20.219998999999998,2602600,-0.004975590011921938,0.006559366572957526,-0.04430831783086697
2018-03-29,20.25,20.780001000000002,19.82,20.549999,20.549999,1720000,0.004636063085747821,-0.025592705985921338,-0.039615327271106615
2018-04-02,20.5,20.75,20.16,20.24,20.24,1430000,0.007012942860781912,-0.06644194238669865,-0.05822257902897121
2018-04-03,20.42,20.530001000000002,20.15,20.32,20.32,951400,-0.013467588963450794,-0.10183760809019438,-0.07894938554062492
2018-04-04,19.870001000000002,20.709999,19.59,20.6,20.6,2051000,0.012880215809778495,-0.03554744663276699,-0.07402888617966896
2018-04-05,20.799999,21.09,20.549999,20.780001000000002,20.780001000000002,1665900,-0.003021971276120805,-0.027266941149194146,-0.08409495411543588
2018-04-06,20.6,20.9,19.940001000000002,20.139999,20.139999,949300,-0.006831364765151449,-0.013128107626648955,-0.1060927420610156
2018-04-09,20.299999,20.42,19.950001,20.059998999999998,20.059998999999998,2029100,-0.010355911143970165,-0.01107193953585961,-0.13078410479642244
2018-04-10,20.370001000000002,20.440001000000002,20.110001,20.280001000000002,20.280001000000002,1355900,-0.011400403915199142,-0.01926599387540895,-0.14970327318686039
2018-04-11,20.16,20.67,20.16,20.299999,20.299999,802900,0.007563574205798229,-0.020130333604451156,0.1088952999573567
2018-04-12,20.52,21.07,20.440001000000002,20.870001000000002,20.870001000000002,1343000,0.013091662530845039,0.007935882736598288,0.11357340938040306
2018-04-13,20.950001,21.0,20.51,20.73,20.73,1353500,-0.002831591160139535,0.0019104890268568653,0.12230025147062351
2018-04-16,20.940001000000002,21.105,20.58,20.93,20.93,1077000,-0.003372287410158492,0.001575225856968121,0.09399737717996492
2018-04-17,21.040001,21.35,20.93,21.219998999999998,21.219998999999998,936800,0.00346230551884652,0.013849832902780523,0.06223508171375558
2018-04-18,21.26,21.495001000000002,21.07,21.280001000000002,21.280001000000002,781500,0.0014829781040757162,0.023153537667191415,0.03539337590483704
2018-04-19,21.26,21.35,21.07,21.309998999999998,21.309998999999998,719600,0.0053262615457096985,0.035985910885720784,0.0521002934390391
2018-04-20,21.16,21.200001,20.540001,20.65,20.65,1019000,-0.01603571716978669,0.006571713598884532,0.036093071881479144
2018-04-23,20.799999,23.950001,20.43,22.91,22.91,29876500,0.09853232773294351,0.09089862727277964,0.15051419005015765
2018-04-24,23.290001,23.290001,22.1,22.42,22.42,10591900,-0.020671640992583562,0.08658947916332282,0.12154963660807283
2018-04-25,22.450001,22.549999,21.6,22.110001,22.110001,6104800,-0.016959408706166634,0.06930545443616376,0.08730902347737102
2018-04-26,22.299999,23.110001,22.15,22.59,22.59,4896400,0.007171022009305972,0.0772471227793603,0.08973076307861882
2018-04-27,22.84,22.84,22.23,22.6,22.6,2699200,-0.008483154518792446,0.07458408819694551,0.09322505290123484
2018-04-30,22.67,23.299999,22.559998999999998,22.860001,22.860001,3180500,0.021275626125269564,0.08709280687271148,0.07822001789710198
2018-05-01,22.83,23.309998999999998,22.700001,23.280001000000002,23.280001000000002,2859400,0.015049350964472907,0.12564087108639743,0.04564030869413216
2018-05-02,23.389999,24.08,23.32,23.629998999999998,23.629998999999998,4926400,0.017229479103177514,0.04399325823769962,0.04099016015688317
2018-05-03,23.65,24.59,23.219998999999998,24.389999,24.389999,4546300,0.030182455810967124,0.08605478938864985,0.13900731094606256
2018-05-04,24.32,24.450001,23.9,24.26,24.26,4957900,-0.018353554446056908,0.08373946291826151,0.12735320206219924
2018-05-07,24.4,25.690001000000002,24.34,25.379998999999998,25.379998999999998,5080400,0.0422590130162348,0.11432285549241339,0.19229170354790526
2018-05-08,25.299999,26.58,25.01,26.469998999999998,26.469998999999998,5644400,0.04458618603198605,0.15730951728717235,0.24397520361544967
2018-05-09,26.860001,27.690001000000002,26.5,27.129998999999998,27.129998999999998,9530900,0.002684027219046481,0.15264199249713162,0.25645471638015493
2018-05-10,27.23,28.68,27.15,28.52,28.52,7406600,0.03963565696664739,0.17762032520040583,0.28970257628123663
2018-05-11,28.219998999999998,28.26,26.799999,27.35,27.35,8757300,-0.03315644988489286,0.11187078473064549,0.25469855297772304
2018-05-14,27.77,28.18,26.950001,27.139999,27.139999,7041200,-0.019897508324143054,0.06936743379499655,0.2439221913738261
2018-05-15,26.799999,27.725,26.450001,27.540001,27.540001,4494900,0.02986754624647725,0.10893807898667429,0.2635582221980677
2018-05-16,27.5,28.059998999999998,27.4,27.65,27.65,3543100,0.001818854933483216,0.0671913986188093,0.2726112097933635
2018-05-17,27.629998999999998,28.120001000000002,27.26,27.68,27.68,3111100,0.0016536403729063842,0.026815807932210056,0.28186295108351933
2018-05-18,27.75,28.438,27.379998999999998,28.120001000000002,28.120001000000002,4366500,0.014858474017383383,0.030229981415172524,0.3059506916707364
2018-05-21,28.5,28.57,27.761,27.83,27.83,4815400,-0.022919098748557687,-0.028134644315411794,0.281698265570276
2018-05-22,27.9,28.01,26.879998999999998,26.9,26.9,6349400,-0.03141135344746848,-0.01538703822779608,0.23137563201332867
2018-05-23,26.790001,27.450001,26.02,27.32,27.32,5602700,0.012500472551818298,0.005453575311074044,0.24746527765804327
2018-05-24,27.35,27.709999,26.889999,27.24,27.24,3504900,-0.0028649601525811974,-0.01695028248791619,0.24503271385318337
2018-05-25,27.200001,27.66,27.17,27.41,27.41,4012500,0.008524710805067226,-0.008302708691645844,0.25045866819893714
2018-05-29,27.25,27.780001000000002,26.92,27.25,27.25,4789600,0.005653429032040691,-0.004466166798152038,0.2542432466181759
2018-05-30,27.389999,27.99,26.99,27.780001000000002,27.780001000000002,9231500,0.0061847066250471094,-0.01622582714781684,0.2537389536371988
2018-05-31,26.09,26.25,24.49,25.68,25.68,21200100,-0.010049248009293077,-0.0702002570023672,0.20492629496902426
2018-06-01,25.91,26.51,25.870001000000002,26.290001,26.290001,6307100,0.008720959728134137,-0.02666725841020323,0.1138097463303458
2018-06-04,26.440001000000002,26.450001,25.16,26.1,26.1,5804000,-0.01483766737147274,-0.05063981852092869,0.11023597997379175
2018-06-05,26.200001,26.73,26.200001,26.540001,26.540001,3654300,0.012769887644439315,-0.03371712209455957,0.14201013732246004
2018-06-06,26.4,26.77,26.32,26.709999,26.709999,3509600,0.004760640260816462,-0.04444453191309039,0.12876701350648645
2018-06-07,26.6,26.629998999999998,25.488001,25.879998999999998,25.879998999999998,4456400,-0.025828592721696797,-0.08107483020657336,0.09858432821465701
2018-06-08,25.709999,26.26,25.549999,25.83,25.83,4444800,-0.00010091353987951024,-0.09277665957951253,0.07386948718497477
2018-06-11,25.93,26.16,25.74,25.92,25.92,2904200,-0.0010401722186887952,-0.018665970971600387,0.06061945291102644
2018-06-12,25.98,26.5,25.969998999999998,26.25,26.25,3280400,0.009890342104595273,-0.020442119309995288,0.04937436878265089
2018-06-13,26.290001,26.540001,25.940001000000002,26.15,26.15,3491500,-0.0009142418735494928,-0.008501705890414435,0.015679484694727464
2018-06-14,26.370001000000002,27.25,26.26,26.719998999999998,26.719998999999998,5701300,0.013443990102437464,-0.0054224913827969345,0.052848183021401596
2018-06-15,26.57,26.889999,25.75,26.780001000000002,26.780001000000002,5431500,0.00719608939805072,-1.5827152050729154e-05,0.014428330862022332
2018-06-18,26.51,28.910999,26.198999,28.639999,28.639999,9914700,0.07440841416295507,0.1001146084376332,0.04138941936511786
2018-06-19,28.42,28.799999,26.700001,28.15,28.15,9334100,-0.013382888016988392,0.0919440265125675,0.013171521200410652
2018-06-20,28.389999,29.790001,27.52,29.01,29.01,14345600,0.022474130767925704,0.1179164527429668,0.0009155804535874168
2018-06-21,29.25,29.601999,27.58,27.610001,27.610001,7687400,-0.05062778121008016,0.06391039524709052,0.0014139792990959243
2018-06-22,27.809998999999998,27.879998999999998,26.4,26.84,26.84,10623800,-0.0333592774184881,0.03354798588128283,-0.020139963218986257
2018-06-25,26.280001000000002,26.370001000000002,25.02,25.450001,25.450001,7003200,-0.022616251882436433,-0.024904441126482713,-0.08099433709175541
2018-06-26,25.799999,26.139999,25.42,25.85,25.85,4194300,0.0015909096203423623,-0.014772459880098232,-0.0675355276368852
2018-06-27,26.0,26.58,24.145,24.52,24.52,6713800,-0.04798844576672723,-0.12822968408710622,-0.11365607265419841
2018-06-28,24.33,25.15,24.23,24.92,24.92,3454200,0.01745262200336528,-0.10498234665625761,-0.12204080687101948
2018-06-29,25.17,25.237,24.753,24.99,24.99,3217200,-0.0039598120532549075,-0.131317964890588,-0.10226774012158879
2018-07-02,24.59,25.559998999999998,24.26,25.559998999999998,25.559998999999998,2478300,0.030676403944067676,-0.06873157293356824,-0.05193055540667624
2018-07-03,25.65,25.889999,25.229,25.309998999999998,25.309998999999998,1311000,-0.005981445394446894,-0.04345604578297513,-0.06904958431303543
2018-07-05,25.5,25.940001000000002,25.26,25.91,25.91,1999900,0.011401689747980726,0.010747363908249152,-0.053296690695590065
2018-07-06,25.889999,26.27,25.77,26.139999,26.139999,2238600,0.0015552515188046456,-0.002253146227789049,-0.0614859651730284
2018-07-09,26.41,26.780001000000002,26.040001,26.610001,26.610001,2585800,0.004468808268931479,0.050962918934233326,-0.05822698692181305
2018-07-10,26.5,26.76,26.049999,26.17,26.17,2693800,-0.014422686855493971,0.020800360841654708,-0.08501461888154793
2018-07-11,25.809998999999998,26.48,25.75,26.25,26.25,2152200,0.018992677036913097,0.02892518432069391,-0.0031422987985276762
2018-07-12,26.5,26.875,26.27,26.75,26.75,2542700,0.003960958337735576,0.019593092623566122,-0.005670204372906884
2018-07-13,26.799999,26.927,26.110001,26.280001000000002,26.280001000000002,1817200,-0.021158441729947963,0.005657621390454004,-0.012752144401652732
2018-07-16,26.41,26.459999,26.01,26.360001,26.360001,1410100,-0.002277346556265769,-0.005119801114734646,-0.02469936971576514
2018-07-17,26.18,27.559998999999998,26.01,27.32,27.32,4607200,0.03540396886521968,0.02629350399909658,0.009252070739158569
2018-07-18,27.32,27.32,26.43,26.889999,26.889999,1956200,-0.017382299290102043,-0.0007654412287072532,0.022082402056053052
2018-07-19,26.709999,26.85,26.309998999999998,26.389999,26.389999,1906100,-0.010314277189491072,0.004566720507658939,0.01232876120562354
2018-07-20,26.450001,26.729,26.08,26.129998999999998,26.129998999999998,1949500,-0.011201842044178623,-0.014557211857447072,0.0009664603156256391
2018-07-23,26.35,26.771,26.1,26.65,26.65,1903100,0.008534627240440074,-0.0068459576443009595,0.007925957292787444
2018-07-24,26.969998999999998,26.99,25.666,25.92,25.92,2521300,-0.03961094617941141,-0.020584858325428,-0.0248352968366663
2018-07-25,25.82,26.684998999999998,25.429001,26.469998999999998,26.469998999999998,1839000,0.01485506301519024,-0.012716366955004776,-0.03199324528797298
2018-07-26,26.030001000000002,26.65,25.848,26.440001000000002,26.440001000000002,1809200,0.014940837189303835,-0.04261885270047561,-0.03335095480926631
2018-07-27,26.51,26.545,24.469998999999998,24.860001,24.860001,3247500,-0.055949066499951794,-0.07963016100912279,-0.15766236739070294
2018-07-30,24.799999,24.879998999999998,23.35,23.780001000000002,23.780001000000002,3879900,-0.03616406012310991,-0.10346607133261942,-0.18308133663956339
2018-07-31,23.75,24.440001000000002,23.57,23.959999,23.959999,3431600,0.006471157436185315,-0.09184593658339413,-0.2087959290107353
2018-08-01,23.85,24.209999,23.52,23.67,23.67,2842700,-0.004803665534709456,-0.12085109850185916,-0.17683553645616223
2018-08-02,23.58,24.639999,23.35,24.610001,24.610001,2687400,0.033250947408580256,-0.054277168769120365,-0.11266045148706949
2018-08-03,24.700001,24.719998999999998,24.129998999999998,24.48,24.48,1509500,-0.012731676625501454,-0.07614372015354931,-0.08323252431503958
2018-08-06,24.49,24.969998999999998,24.4,24.889999,24.889999,1347000,0.01264807767731524,-0.06496906111448109,-0.08354755604364916
2018-08-07,25.02,26.040001,24.91,25.559998999999998,25.559998999999998,2839700,0.020467588180479,0.01380734312952514,-0.015625340174071578
2018-08-08,25.620001000000002,25.9,25.280001000000002,25.690001000000002,25.690001000000002,1518100,0.0024100567284675023,0.05778742111218138,-0.020311568871124397
2018-08-09,25.799999,26.41,25.66,26.15,26.15,1969400,0.014738967374653633,0.07430951511458561,-0.00316844900556168
2018-08-10,25.799999,26.370001000000002,25.690001000000002,25.809998999999998,25.809998999999998,1449100,0.0023690791406432155,0.07949802670351902,-0.028605936819074973
2018-08-13,25.809998999999998,26.08,25.139999,25.190001000000002,25.190001000000002,1420800,-0.019531701087661002,0.02516708754053809,-0.04403731816355627
2018-08-14,25.280001000000002,25.75,24.950001,25.709999,25.709999,1384900,0.012603692658078813,0.04916088942317165,-0.04481899880011708
2018-08-15,25.48,25.889999,24.93,25.200001,25.200001,1569800,-0.0076564914569030584,0.023678513761161035,-0.05761589605469908
2018-08-16,25.540001,25.700001,25.27,25.32,25.32,1341900,-0.0119128567953517,-0.0032014500149615266,-0.06978970912326643
2018-08-17,25.23,25.27,24.360001,24.57,24.57,1689500,-0.030659790543619003,-0.041923141396961405,-0.08303507110974051
2018-08-20,24.67,25.23,24.469998999999998,25.139999,25.139999,1635200,0.017779559669871325,-0.0406042945658851,-0.07269792789214069
2018-08-21,25.200001,25.690001000000002,25.1,25.379998999999998,25.379998999999998,1657000,0.006610808674022195,-0.0272215317810387,-0.0754205612236798
2018-08-22,25.34,25.700001,25.139999,25.690001000000002,25.690001000000002,1717400,0.013427580603902811,0.0056179340721072,-0.044077005481903075
2018-08-23,25.82,26.34,25.82,25.860001,25.860001,3122200,0.0027059426489066674,-0.0001577324083754661,-0.0398569300937579
2018-08-24,25.9,26.700001,25.9,26.629998999999998,26.629998999999998,3283900,0.0234935717421747,0.03540825141391801,-0.048501148639877645
2018-08-27,27.0,27.190001000000002,25.98,26.0,26.0,3080500,-0.04190886988096798,0.006962937093769828,-0.06206133080078935
2018-08-28,26.01,27.08,26.0,26.610001,26.610001,7284800,0.02416143264230719,0.063270296648406,-0.02433149496899345
2018-08-29,24.68,24.75,23.530001000000002,23.700001,23.700001,19210000,-0.04513400901866493,-0.0787358798268234,-0.13687659586151701
2018-08-30,23.93,24.139999,23.75,23.83,23.83,8559100,-0.0014991533759980413,-0.07626036667695502,-0.14483497025633385
2018-08-31,23.790001,24.629998999999998,23.639999,24.559998999999998,24.559998999999998,5092300,0.030767502083351772,-0.05875972215346126,-0.08225186930993633
2018-09-04,24.32,24.67,23.83,24.610001,24.610001,3911900,0.0119366933852878,-0.06335844349904951,-0.09049900663780264
2018-09-05,24.52,24.6,23.02,23.559998999999998,23.559998999999998,5171800,-0.03890423006272359,-0.12731521372228638,-0.13319750966168842
2018-09-06,23.51,24.43,23.4,24.33,24.33,3981100,0.037957061813956194,-0.05991341644927273,-0.042344586240939286
2018-09-07,24.0,25.084999,23.959999,24.549999,24.549999,2663500,0.02146636009738856,-0.07161730413547218,0.007517272228153793
2018-09-10,24.860001,24.99,24.375,24.67,24.67,2204100,-0.006192645137985675,0.05286005926370807,0.007829399985585184
2018-09-11,24.5,25.4,24.459999,25.15,25.15,2019600,0.020517626592369886,0.05848678676370689,0.03450291500923219
2018-09-12,25.030001000000002,25.18,24.160999,24.84,24.84,1814000,-0.007837946184252154,0.015688236148709844,-0.012286464392106122
2018-09-13,24.790001,25.360001,24.73,24.91,24.91,1486200,0.002301861365424429,0.009544421535184089,-0.004810864949069238
2018-09-14,25.0,25.15,24.68,24.74,24.74,2521200,-0.009972676338070752,0.04321654152331389,-0.025011907023893443
2018-09-17,24.639999,24.868999,23.68,23.77,23.77,3249800,-0.030757442486778253,-0.027014084851002984,-0.08316601422146741
2018-09-18,23.98,24.23,23.879998999999998,24.040001,24.040001,2083000,-0.002184337974441508,-0.03229132244825772,-0.08256147133228531
2018-09-19,24.030001000000002,24.17,23.25,23.549999,23.549999,2600000,-0.020641615162508398,-0.05711727242642484,-0.12359738755542526
2018-09-20,23.620001000000002,24.040001,23.450001,23.92,23.92,2304800,0.0088538524080084,-0.0648752358218605,-0.10987034751614733
2018-09-21,24.0,24.01,23.6,23.639999,23.639999,3969400,-0.012696505940807512,-0.06352216604569216,-0.10097571797833638
2018-09-24,23.450001,23.83,23.049999,23.809998999999998,23.809998999999998,2400600,0.016077360311242295,-0.05038053533083131,-0.1043522897030722
2018-09-25,23.84,24.02,23.77,24.0,24.0,2149800,0.008809808616926151,-0.034002969267533434,-0.08269339005258791
2018-09-26,24.200001,24.43,23.695,23.76,23.76,3694700,-0.014567583990772182,-0.006346810581149498,-0.08631137478765538
2018-09-27,23.799999,24.120001000000002,23.52,23.58,23.58,2736800,-0.0100934541792288,-0.022651103036953835,-0.06328943297227774
2018-09-28,23.639999,24.43,23.6,23.91,23.91,4125100,0.01000019413965303,0.013099514728006412,-0.06989357826153375
2018-10-01,24.0,24.1,22.48,22.51,22.51,4183600,-0.06351308300869896,-0.058651241202461346,-0.14130005693756997
2018-10-02,22.5,22.799999,21.950001,22.030001000000002,22.030001000000002,5171400,-0.020983507332809737,-0.06840274313807759,-0.17499639518852117
2018-10-03,22.139999,22.459999,21.65,22.360001,22.360001,1965100,0.011998011451098023,-0.064932873713067,-0.16912743100776373
2018-10-04,22.35,22.35,21.07,21.18,21.18,2977600,-0.047673750787513125,-0.1202003510407943,-0.23830199250730022
2018-10-05,21.139999,21.57,20.41,20.889999,20.889999,3602800,-0.006032653952519507,-0.12168821281644115,-0.21496252469786636
2018-10-08,20.5,20.610001,19.42,19.93,19.93,4176100,-0.030593737773372265,-0.1579733363196305,-0.28453306594031424
2018-10-09,19.700001,20.26,19.51,19.719998999999998,19.719998999999998,4040300,0.0017676845068490543,-0.18105201882502175,-0.1722097172597321
2018-10-10,19.620001000000002,19.65,18.690001000000002,18.98,18.98,5146200,-0.001985738019341099,-0.12191151606417039,-0.18695120632478535
2018-10-11,18.83,19.299999,18.690001000000002,18.85,18.85,4075700,0.01868160331444102,-0.08683913529466514,-0.20307580832972505
2018-10-12,19.450001,19.5,18.75,19.209999,19.209999,3179900,-0.011184575339633351,-0.09618458011811537,-0.2019535676268296
2018-10-15,19.120001000000002,19.51,18.74,19.08,19.08,2812500,0.0026349759375348114,-0.05103903925059994,-0.16202581803561378
2018-10-16,19.4,20.135,19.200001,20.07,20.07,2631000,0.018578899770219426,-0.01347787265379008,-0.16852698090238372
2018-10-17,20.110001,20.110001,19.607,19.84,19.84,1433400,-0.012641857676076729,0.021897959694352043,-0.19101780211049002
2018-10-18,19.709999,19.780001000000002,18.85,18.99,18.99,1811600,-0.0252868981309331,0.0017807992060130395,-0.22328897731742714
2018-10-19,19.07,19.209999,18.0,18.02,18.02,2587500,-0.05379120768467116,-0.04545712197147145,-0.2908951150599637
2018-10-22,18.1,18.955,18.040001,18.75,18.75,2255900,0.041813716733484885,-0.015351525696572388,-0.23411557017500728
2018-10-23,18.139999,18.73,17.9,18.440001000000002,18.440001000000002,2124500,0.009203686567043512,-0.0313077046430168,-0.24280569380503048
2018-10-24,18.440001000000002,18.549999,17.309998999999998,17.35,17.35,2270500,-0.030608395808889632,-0.06001892070271486,-0.26526128026164253
2018-10-25,17.549999,18.504998999999998,17.450001,18.41,18.41,3628000,0.0364319419810446,-0.04848881825306295,-0.19000171430444368
2018-10-26,17.879998999999998,18.16,17.360001,17.67,17.67,2743800,-0.008371232555358432,-0.06076202246985085,-0.21948850213208315
2018-10-29,18.1,18.295,16.898001,17.26,17.26,2582000,-0.03196746714935328,-0.04836632867605939,-0.2145380335670617
2018-10-30,16.969998999999998,17.610001,16.889999,17.48,17.48,1485500,0.013849170916792275,0.0008230703629612535,-0.22519680887514193
2018-10-31,17.92,18.4,17.82,18.0,18.0,2105900,0.0021875941445803626,-0.024675717723920076,-0.1952691218532352
2018-11-01,18.139999,18.65,17.77,18.620001000000002,18.620001000000002,1959900,0.017765752624096187,0.009830754709068579,-0.1825944037651306
2018-11-02,18.719998999999998,18.825001,18.24,18.440001000000002,18.440001000000002,1896200,-0.0068814368044440855,0.03603241473312835,-0.19522589626098075
2018-11-05,18.610001,18.870001000000002,17.885,18.209999,18.209999,1611200,-0.026098151911457812,-0.02295148363263433,-0.2066063873559285
2018-11-06,18.200001,18.832001,18.129998999999998,18.559998999999998,18.559998999999998,1450500,0.013380046031001847,0.013393134371205928,-0.1834442647239234
2018-11-07,18.790001,19.4,18.725,19.25,19.25,1598200,0.009955506802956204,0.045803835387110414,-0.1818337129079577
2018-11-08,19.25,19.440001000000002,18.879998999999998,18.98,18.98,1435800,-0.014285673096822826,0.03707027548771391,-0.12947529218496667
2018-11-09,19.07,19.1,18.235001,18.49,18.49,1609200,-0.026190462634445577,0.001634604421000052,-0.12523177429415755
2018-11-12,18.43,18.469998999999998,17.42,17.76,17.76,1822100,-0.01968199508525803,-0.042110621225071476,-0.15977215127713507
2018-11-13,17.879998999999998,18.32,17.68,17.809998999999998,17.809998999999998,1225800,-0.001035735577879393,-0.03443896647874389,-0.10946451169893034
2018-11-14,18.129998999999998,18.25,17.620001000000002,17.67,17.67,1294800,-0.012345331795411862,-0.016598405073627642,-0.101516579613115
2018-11-15,17.620001000000002,18.16,17.549999,18.059998999999998,18.059998999999998,1860500,0.011138862535994942,-0.018103278633772923,-0.043574207038065804
2018-11-16,17.83,18.15,17.690001000000002,17.9,17.9,997800,-0.0025824196012105283,-0.0447382046586382,-0.04551989874157414
2018-11-19,17.84,17.9,16.610001,16.66,16.66,3322800,-0.0536723841678306,-0.08813192081635002,-0.0956956969371463
2018-11-20,15.9,16.77,15.71,16.190001000000002,16.190001000000002,3874400,0.022874211749738915,-0.08151657088010511,-0.11990920987959752
2018-11-21,16.51,17.139999,16.51,16.799999,16.799999,2006400,0.02035550389528762,-0.027187085863303206,-0.0907746570223229
2018-11-23,16.58,17.200001,16.58,17.0,17.0,790100,0.025320053116741903,-0.013070471387700788,-0.0714959438360312
2018-11-26,17.25,17.58,17.127001,17.280001000000002,17.280001000000002,2387200,-0.007083768822732761,-0.011851403999402876,-0.0998901109587278
2018-11-27,17.129998999999998,17.65,16.91,17.41,17.41,2109300,0.00932226494891486,-0.018906029501379873,-0.08437819623379772
2018-11-28,17.67,18.280001000000002,17.370001000000002,18.190001000000002,18.190001000000002,4623500,0.009743634275841018,0.013326830532972789,-0.03397386741461439
2018-11-29,18.799999,19.0,17.08,18.129998999999998,18.129998999999998,9525100,-0.036592084614997855,0.06721516162385122,0.016976586658176362
2018-11-30,18.02,18.950001,17.959999,18.790001,18.790001,4484100,0.033690442143139876,0.10513332302027623,0.0005756388372510912
2018-12-03,19.27,19.290001,18.879998999999998,19.200001,19.200001,2613400,-0.003592605520718717,0.08189045766765357,0.022423505288347467
2018-12-04,19.16,19.33,18.290001,18.360001,18.360001,2668000,-0.012599727541761307,0.05164385796609228,0.040166834832775944
2018-12-06,17.719998999999998,18.879998999999998,17.620001000000002,18.85,18.85,1972400,0.04971320202262275,0.07858221876659233,0.02718092606092748
2018-12-07,18.82,18.926001,18.0,18.16,18.16,1549200,-0.013843565101914201,0.06064846542744862,0.03703229166350175
2018-12-10,18.110001,18.700001,17.98,18.6,18.6,1491200,0.024093186561120028,0.061714827099056624,0.07610728836050162
2018-12-11,19.059998999999998,19.41,18.620001000000002,18.76,18.76,1687500,-0.005429506871581502,0.0717551832943184,0.08790869958953351
2018-12-12,19.129998999999998,19.66,18.9,19.24,19.24,2374700,0.008430836571002409,0.06399546462993388,0.08924682119110505
2018-12-13,19.32,19.48,18.459999,18.530001000000002,18.530001000000002,1935400,-0.03867587896295577,0.01589160106660037,0.028484351645879258
2018-12-14,18.280001000000002,18.709999,18.049999,18.18,18.18,1672300,0.005884412716409937,0.02792947070094476,0.032063890800592354
2018-12-17,18.110001,18.190001000000002,17.4,17.540001,17.540001,2202700,-0.014532784379402308,-0.014778151533575201,0.03535425815998661
2018-12-18,17.780001000000002,18.23,17.629998999999998,18.049999,18.049999,1956700,0.0204531927191276,0.027492242197504346,0.05113139948980017
2018-12-19,18.110001,18.67,17.76,18.02,18.02,2682200,0.01088292288060666,0.01916471994544855,0.04946817291883976
2018-12-20,17.870001000000002,18.219998999999998,16.290001,16.82,16.82,3293800,-0.048729864762046216,-0.04277284099093537,0.008065583110884234
2018-12-21,16.82,16.92,16.030001000000002,16.030001000000002,16.030001000000002,3796600,-0.028130637250918245,-0.08993597657655616,-0.0023237598064511644
2018-12-24,15.71,16.35,15.64,15.76,15.76,2051700,0.02399635478163864,-0.04203594772347996,0.028559025147470773
2018-12-26,15.89,16.895,15.81,16.84,16.84,2376200,0.014763334712468268,-0.024359407590731408,0.04214344968860484
2018-12-27,16.559998999999998,17.200001,16.51,17.129998999999998,17.129998999999998,2123200,0.015050518452475625,-0.0009656315635266921,0.05098703167008756
2018-12-28,17.18,17.35,16.889999,16.91,16.91,2043500,-0.010612532755542858,-0.04122455710790174,0.028010121015671352
2018-12-31,17.120001000000002,17.299999,16.75,16.879998999999998,16.879998999999998,2474900,-0.017278404857898888,-0.06530899809692059,0.028897379480557372
2019-01-02,16.530001000000002,18.48,16.299999,18.379998999999998,18.379998999999998,6583800,0.09282335943933973,0.07157272986734053,0.16777023379457479
2019-01-03,17.99,18.41,17.629998999999998,17.66,17.66,2309900,-0.000686771695473265,0.08398369896439828,0.16317651003805222
2019-01-04,18.08,18.68,18.0,18.57,18.57,2036300,0.0037249202100375634,0.0899698523458845,0.14571596335665848
2019-01-07,18.59,19.370001000000002,18.440001000000002,19.26,19.26,2802400,0.02986912608261383,0.10158816042540275,0.15680208150170838
2019-01-08,19.620001000000002,19.780001000000002,18.870001000000002,19.219998999999998,19.219998999999998,1573100,-0.023048239592529107,0.08131250195859874,0.14415093762808917
2019-01-09,19.389999,19.559998999999998,19.190001000000002,19.299999,19.299999,1183600,-0.006572993516272163,0.09306026023759806,0.13997641075464928
2019-01-10,18.98,19.354,18.870001000000002,19.16,19.16,1353100,0.0004914487301577175,0.09150410624819649,0.10707465519578108
2019-01-11,19.030001000000002,19.190001000000002,18.809998999999998,19.059998999999998,19.059998999999998,1329900,-0.00156891891587696,0.0025515482950724255,0.103106620465796
2019-01-14,18.799999,18.85,18.475,18.59,18.59,1644100,-0.01212400221212473,-0.0022525650743920878,0.05579062194338391
2019-01-15,19.26,19.48,18.85,19.33,19.33,1727800,-0.006073059338227882,0.009631525842289879,0.07345703153129479
2019-01-16,19.379998999999998,19.700001,19.08,19.17,19.17,1220800,-0.011411203777619061,-0.03039678592405659,0.07476143761155951
2019-01-17,19.0,19.620001000000002,18.860001,19.549999,19.549999,805800,0.01836316121398207,-0.006603195989363986,0.05896552287213286
2019-01-18,19.799999,19.99,19.5,19.879998999999998,19.879998999999998,1189000,-0.0032732983079379885,-0.003025214367645912,0.07630273095955475
2019-01-22,19.74,19.75,19.25,19.450001,19.450001,1610300,-0.005357007082542609,0.001154746233413828,0.04651457433013828
