Date,Open,High,Low,Close,Adj Close,Volume,rel_short,rel_mid,rel_long
2016-04-28,54.310001,55.488997999999995,54.209998999999996,54.389998999999996,54.389998999999996,113000,0.008729347769055096,,
2016-04-29,54.349998,54.959998999999996,53.150002,54.5,54.5,124400,0.005908087721781197,,
2016-05-02,54.709998999999996,55.25,54.209998999999996,55.16,55.16,156000,0.0013169226882379093,,
2016-05-03,55.049999,55.200001,53.619999,54.43,54.43,64300,-0.0046558258697348975,,
2016-05-04,54.110001000000004,55.16,54.0,54.380001,54.380001,136000,0.009443012041567389,,
2016-05-05,54.09,55.0,53.82,54.5,54.5,139900,0.008682129099339075,,
2016-05-06,53.970001,56.240002000000004,53.290001000000004,54.709998999999996,54.709998999999996,287600,0.009052923965189752,,
2016-05-09,54.57,55.25,52.290001000000004,53.580002,53.580002,174500,-0.018862230857221274,-0.006722755753459264,
2016-05-10,54.5,55.98,52.349998,53.77,53.77,282900,-0.02397939519169956,-0.022685687974569824,
2016-05-11,53.540001000000004,53.57,52.02,52.290001000000004,52.290001000000004,117700,-0.014544167975208744,-0.04524643289123098,
2016-05-12,51.740002000000004,51.816002000000005,47.669998,48.880001,48.880001,638100,-0.055381588318073494,-0.1079057045640881,
2016-05-13,48.880001,49.418999,47.75,48.869999,48.869999,296900,0.00752943624267477,-0.1046314827902819,
2016-05-16,47.98,49.91,47.25,48.939999,48.939999,334800,0.010022735366698399,-0.11539239312272498,
2016-05-17,48.049999,49.07,45.880001,48.040001000000004,48.040001000000004,522100,0.008463647472606528,-0.12517372666873294,
2016-05-18,47.889998999999996,48.349998,47.550999,48.0,48.0,366500,0.0007058556881673894,-0.10458809024280002,
2016-05-19,47.48,49.5,47.34,49.43,49.43,376000,0.04229091066494384,-0.06265140296323013,
2016-05-20,48.900002,50.619999,48.18,50.07,50.07,319100,0.018544649807239022,-0.0374853625711391,
2016-05-23,49.880001,52.25,49.825001,51.5,51.5,499500,0.03400540658247975,0.06002940768013554,
2016-05-24,51.779999,52.400002,51.09,51.799999,51.799999,391300,-0.010954126551064647,0.0439393025835213,
2016-05-25,52.119999,52.549999,51.275002,52.389998999999996,52.389998999999996,390800,-0.00040213763673246916,0.0566319872763521,
2016-05-26,52.0,52.224998,50.889998999999996,51.080002,51.080002,285600,-0.017209811139007325,0.04062496520287118,
2016-05-27,51.25,53.5,50.755001,53.369999,53.369999,447200,0.03623630193942562,0.08124113635746877,
2016-05-31,52.98,53.080002,50.93,52.790001000000004,52.790001000000004,554100,-0.002077378883167391,0.03824982040176872,
2016-06-01,52.73,55.560001,52.605,55.0,55.0,474600,0.03957777889772762,0.0712637692347351,
2016-06-02,54.869999,55.380001,54.740002000000004,55.040001000000004,55.040001000000004,299700,-0.0004992458032315739,0.03892268170675095,
2016-06-03,55.220001,55.650002,54.580002,55.52,55.52,286200,0.007768770751805931,0.058302163839769605,
2016-06-06,55.630001,58.59,55.599998,58.580002,58.580002,650700,0.04759502952874595,0.10269183985786823,
2016-06-07,58.599998,59.75,58.380001,59.509997999999996,59.509997999999996,382800,0.014486027691583026,0.14226635875442195,
2016-06-08,59.779999,61.279999,59.459998999999996,60.75,60.75,496900,0.013066443845313636,0.1200070008097982,0.08993729117100768
2016-06-09,60.380001,61.5,59.799999,60.970001,60.970001,301300,0.00980433539758696,0.13526231557550306,0.08817504503947182
2016-06-10,60.869999,61.16,59.639998999999996,60.119999,60.119999,393400,-0.005977905630829561,0.09056345108806418,0.0790954248604292
2016-06-13,60.029999,60.73,58.240002000000004,58.279999,58.279999,358800,-0.023500317109886204,0.06972183520464093,0.06076822002743931
2016-06-14,58.189999,59.0,57.549999,58.68,58.68,475200,0.009026031590795291,0.06676316308794572,0.06437314672095473
2016-06-15,59.0,59.68,58.169998,58.990002000000004,58.990002000000004,234200,0.0027709740142078942,0.025109859658651423,0.06904129367014677
2016-06-16,58.75,60.652,58.490002000000004,60.450001,60.450001,379700,0.022913022103138836,0.03196804760654892,0.0896856448951091
2016-06-17,60.669998,61.07,58.0,58.73,58.73,1257100,-0.029134320241332112,-0.010953240950927423,0.08570680597353952
2016-06-20,59.139998999999996,61.599998,59.055,60.509997999999996,60.509997999999996,437200,0.019212606063269355,0.007779204629825287,0.11863993764386693
2016-06-21,60.48,61.485001000000004,59.419998,60.810001,60.810001,237300,0.0036639188880558393,0.0148383478948384,0.13918020564649858
2016-06-22,60.959998999999996,61.18,60.09,60.73,60.73,305900,-0.0017202792729751337,0.03811010680213123,0.20678403139365864
2016-06-23,60.580002,60.959998999999996,59.709998999999996,60.0,60.0,596600,-0.019377573486551114,0.004100797583567406,0.17310542709480403
2016-06-24,57.900002,59.84,57.900002,58.150002,58.150002,2755300,0.03637909883086898,0.0022515139087744274,0.18668520070164618
2016-06-27,57.779999,57.849998,54.959998999999996,56.68,56.68,626300,-0.0038886268531728163,-0.026411266858584526,0.18844810470525752
2016-06-28,57.200001,57.619999,56.209998999999996,56.360001000000004,56.360001000000004,466400,-0.029348842721849344,-0.024084458450601254,0.1662104377657383
2016-06-29,57.049999,58.639998999999996,56.48,58.330002,58.330002,249000,0.008535525627386242,-0.030683386692632375,0.1506079539144647
2016-06-30,58.700001,59.650002,58.07,59.5,59.5,282600,0.0012209767366959667,-0.026534779471558245,0.15013078874607944
2016-07-01,59.5,59.689999,58.455002,59.560001,59.560001,206600,-0.0007101339896546932,-0.02781004707707968,0.11894457663644342
2016-07-05,59.040001000000004,60.110001000000004,58.82,59.48,59.48,247300,0.01053229843126502,0.0030856934025509375,0.13225181791383367
2016-07-06,59.09,60.540001000000004,58.830002,59.77,59.77,238200,0.004128805926316481,-0.0026513959660849906,0.1274018174592091
2016-07-07,60.220001,60.630001,59.16,59.950001,59.950001,146000,-0.003293151591076793,0.008569849260438467,0.1563929887628248
2016-07-08,60.09,60.73,59.91,60.490002000000004,60.490002000000004,147000,-0.0041894447111605615,0.025674691492532986,0.11064399290080251
2016-07-11,60.5,60.93,59.98,60.709998999999996,60.709998999999996,247400,0.0009163959529105981,0.008434562388481837,0.1207926959011778
2016-07-12,61.110001000000004,61.869999,60.139998999999996,60.619999,60.619999,128200,-0.01394116949020141,-0.006419712479472928,0.07244730703187141
2016-07-13,60.830002,60.880001,59.439999,59.57,59.57,89600,-0.020290040192262104,-0.023088440259959597,0.056933454669732875
2016-07-14,59.57,60.77,59.18,60.369999,60.369999,192100,0.010623561121309244,-0.02052060409940104,0.05342904997466302
2016-07-15,60.650002,60.889998999999996,59.465,60.009997999999996,60.009997999999996,156400,-0.009041583229697281,-0.025097373992753802,-0.0003873963914129419
2016-07-18,60.02,60.369999,59.669998,60.32,60.32,103200,0.002745211694499261,-0.02620328723694776,-0.012076657228544896
2016-07-19,60.419998,60.75,59.25,59.599998,59.599998,142300,-0.013659976189936529,-0.03060427604967675,-0.03996728395867244
2016-07-20,60.23,61.549999,59.599998,60.580002,60.580002,148100,0.002604718063712319,-0.018783684685566016,-0.03325330435989127
2016-07-21,61.0,61.0,59.279999,59.470001,59.470001,144000,-0.021833465403868324,-0.025189052658954658,-0.04330519671514743
2016-07-22,59.02,60.419998,59.02,60.41,60.41,133200,0.01933491525084019,0.00355749650147974,-0.00923088403342831
2016-07-25,60.435001,61.560001,60.049999,61.099998,61.099998,307300,0.013352324718951536,0.00983593264627114,-0.003498180467011558
2016-07-26,61.0,61.939999,60.969002,61.669998,61.669998,254600,0.010826894914372609,0.02385063863399406,-0.0016466174160703062
2016-07-27,61.75,65.470001,61.279999,65.290001,65.290001,386900,0.05723463487844782,0.07931816384519408,0.03527345901010026
2016-07-28,65.32,69.379997,65.041,68.540001,68.540001,808300,0.04626967376636948,0.13686385202699558,0.10784980901925056
2016-07-29,68.529999,68.894997,67.780998,68.309998,68.309998,232100,-0.0054123881517469385,0.11982439093702979,0.07879188194731324
2016-08-01,68.790001,69.300003,68.019997,68.529999,68.529999,196800,-0.0027233562423241153,0.13918420479747873,0.0810406601874929
2016-08-02,68.559998,68.989998,68.099998,68.410004,68.410004,211700,0.0037770273761674744,0.1326745990148055,0.08533360817924596
2016-08-03,68.199997,68.970001,66.960999,67.209999,67.209999,232400,-0.017853515964548983,0.09747531793595776,0.0898763398853788
2016-08-04,67.620003,67.790001,66.559998,67.5,67.5,255500,-0.0021182174462825998,0.09260534479709293,0.08870721347224819
2016-08-05,67.470001,67.800003,66.699997,66.709999,66.709999,148000,-0.017799369717439895,0.014025296334013504,0.07571002220269829
2016-08-08,66.5,67.059998,66.099998,67.059998,67.059998,146300,0.0097009285608749,-0.026807976999572602,0.10512629047027922
2016-08-09,67.349998,70.0,67.349998,69.779999,69.779999,349600,0.03567369689038724,0.01755338718818411,0.12702865582812972
2016-08-10,73.5,77.25,71.550003,74.400002,74.400002,979800,0.015529705195644006,0.08004468574950252,0.18762012540855366
2016-08-11,74.339996,74.790001,72.849998,74.339996,74.339996,253800,-0.0035841001124321537,0.0698849916704356,0.18302864692676124
2016-08-12,73.610001,74.45500200000001,71.70300300000001,74.300003,74.300003,456500,0.009188117213541958,0.09096931895392224,0.1777599654367501
2016-08-15,74.0,74.989998,72.989998,74.900002,74.900002,245900,0.010228855421866356,0.09213021057295379,0.18348882001128697
2016-08-16,74.139999,76.699997,74.059998,74.529999,74.529999,398700,0.00895385229502832,0.11301159439184083,0.18015176733410065
2016-08-17,74.68,74.790001,72.889999,73.690002,73.690002,221500,-0.015354280396637776,0.09366972804019102,0.17312132701793725
2016-08-18,73.970001,74.480003,73.25,74.160004,74.160004,236200,0.00022147226264834785,0.058460377012774956,0.17705447045242284
2016-08-19,74.129997,74.82,73.300003,74.199997,74.199997,218800,0.0011131930435688275,-0.006536522927920174,0.18750331496010642
2016-08-22,74.040001,74.040001,72.260002,73.470001,73.470001,202100,-0.008214011562587942,-0.010329704982544818,0.19578738220417602
2016-08-23,73.07,73.760002,72.245003,72.839996,72.839996,210100,-0.002736586496017601,-0.02114978942701029,0.17713078010914085
2016-08-24,72.879997,73.639999,70.410004,70.739998,70.739998,263800,-0.025376914190415434,-0.050403687643523654,0.15818250636051712
2016-08-25,71.040001,71.099998,69.459999,70.879997,70.879997,178200,-0.0018774381595818568,-0.04760235957137926,0.15875269499966915
2016-08-26,71.029999,72.07,70.120003,71.769997,71.769997,373600,0.013154204928065738,-0.020342609640612075,0.18338299342700193
2016-08-29,71.980003,72.25,71.129997,71.550003,71.550003,160000,-0.010676222138067182,-0.0327876513954255,0.16305050374256336
2016-08-30,71.57,71.800003,70.589996,71.139999,71.139999,198500,-0.004497238675479132,-0.038559299699802096,0.17413306791925898
2016-08-31,70.91999799999999,71.279999,70.029999,70.559998,70.559998,261600,-0.0038875033950791504,-0.03504352281618228,0.157186362886514
2016-09-01,70.25,70.529999,69.120003,70.019997,70.019997,329000,-0.003062968274097244,-0.03212280785730304,0.13517203960556667
2016-09-02,70.459999,70.769997,69.860001,70.629997,70.629997,217500,0.0012669216717577925,-0.0036409920207978175,0.13069087570572524
2016-09-06,69.57,71.400002,69.57,71.220001,71.220001,291200,0.021210501688639916,-0.0016427519870028107,0.07779177916747226
2016-09-07,71.25,71.349998,70.5,71.290001,71.290001,169700,0.00010831316823178838,-0.01457228902114327,0.03194685237886308
2016-09-08,70.970001,71.82,70.029999,71.470001,71.470001,463100,0.007689612447112637,-0.0015406846363887894,0.04168542816914478
2016-09-09,70.839996,71.230003,68.230003,68.25,68.25,252300,-0.018036481410339533,-0.019022099608002385,0.015926763513777864
2016-09-12,67.66999799999999,70.32,67.43,70.309998,70.309998,278700,0.020429107810752356,0.001951765090064228,0.02646352896177273
2016-09-13,69.839996,70.900002,69.32,69.550003,69.550003,212900,0.0068035681694817995,0.013666592024891067,0.05136331369449998
2016-09-14,69.720001,73.519997,69.639999,71.949997,71.949997,457000,0.032466887677660594,0.04369804487244355,0.08178357578107587
2016-09-15,71.760002,75.18,71.43,75.07,75.07,324400,0.034842400670613394,0.07074763990749311,0.13451412274095187
2016-09-16,75.089996,75.209999,73.489998,73.739998,73.739998,911000,-0.01472588080497772,0.05552263892205467,0.11427746830049035
2016-09-19,74.0,74.599998,73.58000200000001,74.160004,74.160004,169900,0.00443387214141211,0.056473647573088925,0.08060568855404959
2016-09-20,74.629997,74.889999,73.55100300000001,74.220001,74.220001,162600,-0.0026248823939249988,0.07825586666254303,0.014137944426818372
2016-09-21,74.889999,78.5,73.949997,78.43,78.43,475100,0.03757823767634161,0.10740451795680439,0.06398305524814152
2016-09-22,78.83000200000001,79.43,78.089996,79.389999,79.389999,195800,0.004208538809509221,0.1090179599366623,0.06941195467724004
2016-09-23,78.870003,79.489998,77.260002,77.32,77.32,120700,-0.015883281620132195,0.05383822491471868,0.04349159012284076
2016-09-26,77.32,77.375,76.809998,76.959999,76.959999,251200,0.0011129372110296742,0.02540511009927382,0.04690763844838486
2016-09-27,76.839996,77.370003,76.5,76.730003,76.730003,156000,-0.007883961300669817,0.030084844797168664,0.05069258505746799
2016-09-28,76.720001,77.019997,75.699997,76.0,76.0,190900,-0.013823080017076883,0.009544590663180585,0.03168990220445522
2016-09-29,76.110001,76.43,74.32,74.970001,74.970001,126300,-0.006864778237685165,0.004754824557597459,0.025429291912336005
2016-09-30,75.379997,76.309998,74.720001,75.989998,75.989998,114100,0.0026213334050328996,-0.033982726631895055,0.04033003359879128
2016-10-03,75.459999,75.459999,73.610001,74.279999,74.279999,181400,-0.014313697801572545,-0.05916385024217874,0.03139789386207159
2016-10-04,74.339996,74.709999,73.620003,74.199997,74.199997,77800,0.004086525319515921,-0.034607126217828466,0.05928815154853595
2016-10-05,74.199997,75.57,73.870003,74.230003,74.230003,147000,-0.001718611590864505,-0.04244828933228728,0.05206170868747684
2016-10-06,74.0,74.650002,72.58000200000001,73.5,73.5,117000,-0.007960541445164004,-0.0433962656969733,0.02763892900110676
2016-10-07,73.620003,74.360001,72.150002,73.18,73.18,183500,-0.0011543400135618498,-0.029658683205043168,0.03481887039483755
2016-10-10,73.5,75.360001,73.389999,74.940002,74.940002,119000,0.017889933742798902,-0.00620818724201655,0.05778040437012155
2016-10-11,74.800003,74.800003,72.175003,72.900002,72.900002,122300,-0.014272800481710313,-0.026860049771289418,0.048513506643684146
2016-10-12,72.57,73.75,71.699997,71.739998,71.739998,88500,-0.012209300967182202,-0.02455222472556251,0.03896847699381212
2016-10-13,72.209999,72.290001,70.540001,71.269997,71.269997,169200,-0.01417751424524738,-0.031911421567239806,0.03101772200209396
2016-10-14,71.739998,72.379997,70.629997,70.93,70.93,110800,-0.00821876925342302,-0.03301179531150833,0.02069266536297132
2016-10-17,71.599998,73.949997,71.5,72.599998,72.599998,188400,0.01689838761625584,0.0036667012612863203,0.04587791928353635
2016-10-18,74.050003,74.050003,72.550003,73.5,73.5,102900,-0.008058291479431823,0.01095016629153367,0.04730972132276001
2016-10-19,73.599998,75.050003,72.550003,75.0,75.0,178800,0.017218891183435225,0.00979297155660852,0.08659547553473246
2016-10-20,74.900002,75.050003,73.154999,74.849998,74.849998,100600,-0.00012163188130731584,0.02424218895450725,0.07080393050812717
2016-10-21,74.400002,74.599998,73.550003,73.949997,73.949997,65100,-0.006875110651316518,0.029415553457689647,0.0547174384266107
2016-10-24,74.550003,74.900002,73.550003,73.900002,73.900002,83000,-0.010073593991916319,0.027469593551901816,0.014789270681552225
2016-10-25,73.900002,73.900002,71.599998,72.349998,72.349998,105200,-0.018141176306107454,0.015060669490973844,-0.03499430505354795
2016-10-26,71.650002,71.75,66.099998,66.849998,66.849998,422200,-0.07049239089169301,-0.08857559157133998,-0.0982203112098583
2016-10-27,68.199997,68.199997,64.199997,64.599998,64.599998,292600,-0.04907709615013722,-0.12600029543936575,-0.13516422168969466
2016-10-28,64.75,66.699997,64.300003,65.849998,65.849998,319400,0.019578997902135242,-0.12173527264115336,-0.11339566376896393
2016-10-31,66.099998,66.099998,63.900002,65.949997,65.949997,256400,-0.0005659676788454249,-0.11947019445000606,-0.1560707818986833
2016-11-01,65.900002,66.849998,65.199997,66.150002,66.150002,200300,0.011785718735222162,-0.09761929820820914,-0.15191981971826074
2016-11-02,65.800003,65.800003,61.599998,61.599998,61.599998,336100,-0.0604961920522582,-0.15692060793235996,-0.1959695621655264
2016-11-03,61.75,62.299999,58.5,58.650002,58.650002,299800,-0.046663260026513775,-0.184169151796862,-0.24456856694968376
2016-11-04,56.049999,65.949997,56.049999,60.049999,60.049999,553100,0.0682666201229134,-0.08158948497506824,-0.2098946409820952
2016-11-07,61.0,62.150002,60.200001,61.349998,61.349998,372300,-0.008895775698291253,-0.0509063803700851,-0.19561519272296035
2016-11-08,60.950001,63.25,60.049999,63.099998,63.099998,255200,0.030151021233951525,-0.04882381759302934,-0.16697430591959073
2016-11-09,62.400002,63.200001,60.25,62.0,62.0,390600,-0.021193136475552876,-0.07906601004903191,-0.20115406531582014
2016-11-10,63.25,64.050003,61.75,63.150002,63.150002,230100,-0.0015776288847515474,-0.07247446594592333,-0.16523043542200533
2016-11-11,63.150002,64.599998,62.549999,64.0,64.0,281500,0.01256598482380511,0.007010863093221964,-0.15435157285447598
2016-11-14,64.449997,64.449997,63.599998,64.050003,64.050003,295500,-0.005560482799543465,0.05254838036242049,-0.149571897254976
2016-11-15,63.799999,65.050003,63.799999,64.75,64.75,206700,0.009215671549618776,0.03070760774582304,-0.13579076753929886
2016-11-16,64.650002,65.300003,64.400002,65.150002,65.150002,299100,0.007975224443767637,0.03901235143104653,-0.12694415808687065
2016-11-17,65.400002,68.800003,64.949997,68.599998,68.599998,423100,0.04387166103757156,0.06158633234979671,-0.09917978632777746
2016-11-18,68.849998,69.400002,67.75,69.199997,69.199997,308500,0.007336808263649353,0.10128677008534215,-0.07300724545918857
2016-11-21,69.150002,69.25,67.699997,68.050003,68.050003,121200,-0.021394982551916186,0.0606653715745713,-0.08001283912187152
2016-11-22,68.0,68.900002,65.050003,66.400002,66.400002,437100,-0.02443719686595891,0.019187463135556193,-0.10325268815167998
2016-11-23,65.849998,67.699997,65.849998,67.599998,67.599998,138900,0.02342612653752507,0.03539413024115845,-0.08116597170230921
2016-11-25,67.949997,68.800003,67.400002,68.699997,68.699997,64600,0.007773125803264058,0.04421191660063872,-0.09524555219994646
2016-11-28,68.0,68.550003,65.900002,65.949997,65.949997,190300,-0.026762215421373803,0.0008858333979073763,-0.13700849098049694
2016-11-29,65.949997,66.099998,64.0,64.550003,64.550003,208800,-0.023227172190884993,-0.06883994052296583,-0.1778126984073518
2016-11-30,64.75,64.849998,61.599998,61.900002,61.900002,204700,-0.042215930128907786,-0.1192009271007688,-0.21645036151446462
2016-12-01,62.049999,62.049999,58.700001,59.049999,59.049999,470600,-0.04541598372504474,-0.13862314170413015,-0.2480515342836913
2016-12-02,59.599998,59.700001,57.849998,59.0,59.0,265200,-0.010496750838124846,-0.11315837387017424,-0.24388065557375604
2016-12-05,59.150002,61.400002,59.049999,61.299999,61.299999,232500,0.033859965845929096,-0.09782358656471946,-0.1940502277580025
2016-12-06,61.599998,63.450001,61.400002,62.799999,62.799999,197700,0.01704410380860022,-0.08928789633470569,-0.09595785696331216
2016-12-07,61.900002,65.300003,61.75,65.199997,65.199997,228400,0.03817904550370255,-0.029276957464277054,-0.04028515300540825
2016-12-08,65.099998,66.599998,64.550003,66.449997,66.449997,141700,0.018269950960620562,0.010347417020149408,-0.045730008746049045
2016-12-09,66.800003,67.599998,65.25,66.150002,66.150002,217500,-0.014124844421018246,0.03916420066719528,-0.057815966397263274
2016-12-12,65.900002,68.5,65.502998,68.099998,68.099998,179200,0.03366696881946574,0.11296850887391141,-0.03746372720157076
2016-12-13,68.699997,69.199997,67.5,67.75,67.75,143400,-0.017629144949093067,0.10254131104417574,0.015581263402779655
2016-12-14,67.75,68.300003,65.400002,65.599998,65.599998,221300,-0.025583001485193435,0.04600485678116861,0.036123780820028095
2016-12-15,65.75,65.75,63.799999,64.599998,64.599998,316500,-0.021303565786104706,0.0059977167666724895,-0.008370655221571432
2016-12-16,64.699997,65.5,64.150002,65.25,65.25,356700,0.01232797765346394,-0.00666546634020726,0.003955761024469595
2016-12-19,65.400002,66.650002,65.0,65.400002,65.400002,91400,-0.0014551998738365768,-0.023175698651515475,-0.02008188980453518
2016-12-20,65.550003,65.849998,62.424999,63.599998,63.599998,277200,-0.03207760730363063,-0.04426922363206298,-0.023019179980294346
2016-12-21,63.549999,63.799999,62.950001,63.049999,63.049999,107700,-0.005535425463579102,-0.0806845754349883,-0.04567383669063574
2016-12-22,62.900002,63.700001,62.492001,63.549999,63.549999,95900,0.011151705526749822,-0.059249721400953526,-0.050679321091395835
2016-12-23,64.150002,65.099998,63.5,64.199997,64.199997,191200,-0.0007859487191090864,-0.026225973240380895,-0.04265057278277329
2016-12-27,64.349998,64.75,63.549999,63.700001,63.700001,70400,-0.011320941711941757,-0.017053414623918073,-0.056131677591312545
2016-12-28,63.900002,63.900002,63.150002,63.400002,63.400002,96000,0.0011310140826168436,-0.025146282327737524,-0.06020287273431446
2016-12-29,63.450001,64.449997,63.400002,64.099998,64.099998,79500,0.010298814426093372,-0.014195565006296818,-0.09586378716062871
2016-12-30,64.050003,64.5,63.200001,63.799999,63.799999,106300,0.001781220080585122,0.017300874582215187,-0.10700507548342131
2017-01-03,63.799999,64.75,63.049999,64.050003,64.050003,217500,0.0011344717916426106,0.01898601501276964,-0.0873531932524374
2017-01-04,64.25,66.050003,63.75,65.699997,65.699997,210900,0.018279553382344993,0.028951209131444777,-0.04091557509550725
2017-01-05,65.5,65.900002,64.849998,65.650002,65.650002,143900,0.0019260005901236,0.020035678531558965,-0.058009024492372774
2017-01-06,65.949997,68.199997,65.199997,67.900002,67.900002,200100,0.02657109653503209,0.060287757068221204,-0.040055837123730065
2017-01-09,68.5,69.849998,67.550003,69.75,69.75,213000,0.020148704823360397,0.08705306371809396,0.025964357585872122
2017-01-10,69.75,71.800003,69.5,71.300003,71.300003,301600,0.022340322530083334,0.09775822509292453,0.07073437845526165
2017-01-11,71.699997,72.25,70.650002,71.150002,71.150002,252900,-0.010658140515710457,0.09286988905149052,0.105065740668838
2017-01-12,70.650002,71.550003,70.275002,71.449997,71.449997,125200,0.011567966588240886,0.10376437745842892,0.15503432591012167
2017-01-13,71.449997,74.550003,71.449997,74.550003,74.550003,196600,0.041636615635186836,0.12465962394120567,0.19690242271587266
2017-01-17,74.199997,74.5,72.449997,73.900002,73.900002,225800,-0.0035002334215716857,0.11886459297502405,0.15867915504737073
2017-01-18,74.150002,75.099998,73.199997,74.0,74.0,228700,-0.0032361815188650667,0.08826698686032941,0.13749904607130503
2017-01-19,74.0,74.349998,73.25,73.949997,73.949997,213400,0.0029442989476828885,0.060770618135550514,0.11601193318569969
2017-01-20,74.050003,74.849998,73.949997,74.150002,74.150002,129400,0.0007549238144060055,0.038132031888850726,0.09851899332396297
2017-01-23,74.150002,75.25,74.0,74.349998,74.349998,312300,0.003831909008901846,0.04845099147289034,0.11435253147453306
2017-01-24,75.849998,75.849998,73.199997,74.599998,74.599998,149700,-0.02197795027696081,0.03891006326166746,0.08097588029787772
2017-01-25,75.0,76.04499799999999,74.25,75.199997,75.199997,230500,-0.0014745855793059093,-0.001697366252403576,0.09266374541929334
2017-01-26,76.849998,76.849998,72.349998,73.599998,73.599998,209500,-0.0423617752567802,-0.016682592077680525,0.0959917061885216
2017-01-27,73.75,74.050003,71.949997,72.349998,72.349998,128600,-0.017280348333368778,-0.032535363098181946,0.0989659662064506
2017-01-30,71.300003,71.300003,69.800003,70.900002,70.900002,184900,-0.0033880225133477992,-0.04969254668984657,0.07298485283606038
2017-01-31,69.849998,71.599998,69.849998,71.550003,71.550003,146300,0.02191593260515301,-0.03901652151370172,0.08267817046177672
2017-02-01,71.5,72.400002,70.199997,70.5,70.5,171800,-0.011438581234608947,-0.05948597912333131,0.09913577598326473
2017-02-02,69.0,70.800003,69.0,69.699997,69.699997,213700,0.008268154501707592,-0.06828225507716201,0.09337820065570401
2017-02-03,70.050003,71.0,69.099998,71.0,71.0,201500,0.009597917896514652,-0.05705780730907595,0.09485565951117092
2017-02-06,70.550003,71.0,68.449997,69.75,69.75,163100,-0.010654341522471356,-0.05193212845395134,0.07028555097495115
2017-02-07,70.0,70.0,68.150002,69.150002,69.150002,125800,-0.011001173484140203,-0.04453553205059002,0.07148384877977865
2017-02-08,68.099998,70.25,67.949997,70.050003,70.050003,185300,0.025998436598126062,-0.018080095514515726,0.08005103964928217
2017-02-09,69.949997,72.349998,68.949997,72.099998,72.099998,187300,0.02542157510084664,-0.004987845896629928,0.09188588957144361
2017-02-10,72.199997,72.599998,70.400002,72.0,72.0,101900,-0.004428929667441572,0.005146706774852738,0.08698160817590228
2017-02-13,72.900002,75.0,71.849998,74.800003,74.800003,253300,0.022920624030236425,0.05004896141794202,0.12444114706087639
2017-02-14,74.449997,77.199997,74.449997,77.0,77.0,317200,0.02876315723507794,0.06379602548385233,0.12970047586357847
2017-02-15,76.650002,78.0,74.647003,77.900002,77.900002,166200,0.010340506536029359,0.08608155241052895,0.13633142485392113
2017-02-16,77.900002,79.050003,77.449997,77.900002,77.900002,215900,0.0010304425868321587,0.09581218078580633,0.10700827249736378
2017-02-17,78.0,78.800003,77.550003,78.75,78.75,127500,0.006097096872947461,0.09274918446809366,0.08574716039928187
2017-02-21,79.449997,79.75,78.5,79.449997,79.449997,104900,-0.0044361632971936515,0.07246027449777959,0.06658793897629867
2017-02-22,79.150002,79.900002,78.75,78.849998,78.849998,150100,-0.004521480515433218,0.07091009828451877,0.06502181740893054
2017-02-23,79.25,79.5,77.699997,79.449997,79.449997,151600,0.0040802395207215625,0.04515209353226357,0.06582886313471104
2017-02-24,79.050003,79.800003,78.0,78.349998,78.349998,162000,-0.013811007746551418,0.00472976185420837,0.009770613776581172
2017-02-27,78.5,79.449997,77.25,78.5,78.5,331300,-0.0019092040059600635,-0.0010156898322568608,0.01645114204664022
2017-02-28,78.300003,79.349998,76.300003,76.800003,76.800003,248000,-0.01831111021711873,-0.021192420942855783,-0.002451135305821417
2017-03-01,76.199997,82.900002,74.150002,81.5,81.5,693000,0.06061268646208973,0.01544955915565005,0.04042610141938141
2017-03-02,81.25,84.150002,81.150002,83.25,83.25,389300,0.029689296531652865,0.0397520573435699,0.06820796443101784
2017-03-03,83.25,83.550003,81.599998,82.599998,82.599998,260800,-0.008762140332196466,0.03790761536002307,0.054478441296063274
2017-03-06,82.0,82.5,76.199997,77.25,77.25,609100,-0.05970604512710054,-0.032934170545598995,-0.00601537067255542
2017-03-07,76.5,77.199997,74.300003,74.349998,74.349998,249200,-0.027515310574306895,-0.05284565236814398,-0.04137767233915923
2017-03-08,74.75,76.599998,74.75,75.900002,75.900002,193200,0.018153780646857243,-0.03082097557318697,0.0023127585511337756
2017-03-09,76.199997,78.75,75.0,78.5,78.5,258000,0.029153435843951137,0.021373602366806743,0.05145783015916727
2017-03-10,78.949997,80.695,78.625,80.25,80.25,274100,0.01629830757995343,-0.005658730440824655,0.08445991766840333
2017-03-13,80.0,81.5,79.050003,81.0,81.0,154100,0.011617504185773342,-0.023845128937325377,0.08337935700739418
2017-03-14,80.050003,81.349998,78.349998,78.800003,78.800003,205700,-0.01442872570085818,-0.039654276712159486,0.0743101437072351
2017-03-15,79.099998,79.400002,78.5,78.849998,78.849998,157500,-0.009440256812093928,0.01632021512391013,0.07858709952851672
2017-03-16,78.099998,78.25,76.199997,77.550003,77.550003,441400,-0.004412474091373575,0.03666953408195006,0.052349669051866776
2017-03-17,79.699997,84.800003,78.5,82.449997,82.449997,1925700,0.0362156225079584,0.07633390465132717,0.13057879165641229
2017-03-20,82.599998,82.949997,79.849998,80.449997,80.449997,301800,-0.024366113196454542,0.020907305830392353,0.11690066804014965
2017-03-21,80.699997,81.050003,77.550003,77.650002,77.650002,297100,-0.02357961423064836,-0.02081615774299017,0.08172385543992888
2017-03-22,77.449997,77.550003,76.599998,77.400002,77.400002,196400,-0.0029690773753001665,-0.03486485629605873,0.05350234660796538
2017-03-23,77.199997,78.699997,76.150002,78.150002,78.150002,124300,0.012234931189558651,-9.377668326315813e-06,0.06915405926405604
2017-03-24,77.849998,81.699997,77.849998,81.099998,81.099998,215600,0.043642735553857115,0.04559345495946765,0.07413159307004236
2017-03-27,79.699997,82.574997,79.099998,81.699997,81.699997,218100,0.019440459905959884,0.06898091590287425,0.0575345594708887
2017-03-28,81.800003,81.925003,80.300003,81.449997,81.449997,139500,-0.0122823156610945,-0.0038933233138980228,0.04060391593198531
2017-03-29,81.349998,83.300003,81.349998,82.699997,82.699997,181700,0.014512946337973176,0.0327964683052695,0.05388495555961281
2017-03-30,82.849998,84.849998,82.344002,84.599998,84.599998,333400,0.01804801855230842,0.07551900080063412,0.06449367177246934
2017-03-31,84.349998,84.75,83.349998,83.449997,83.449997,368400,-0.009838718726768114,0.06920283746158429,0.05024490957177008
2017-04-03,83.199997,83.449997,80.599998,83.050003,83.050003,203800,-0.0003217591935884556,0.055337462804003756,0.05358142378354103
2017-04-04,82.650002,83.25,81.300003,81.699997,81.699997,133000,-0.01385144368939173,0.0004919833444620991,0.029471482882240885
2017-04-05,82.0,82.650002,80.449997,80.550003,80.550003,136600,-0.012060801950533495,-0.01901543412158091,0.03378936349509942
2017-04-06,80.650002,81.150002,79.5,81.050003,81.050003,145600,0.003376777905119255,-0.004464970498849752,0.03715463526539242
2017-04-07,80.599998,82.400002,80.550003,81.699997,81.699997,203900,0.014001019573173679,-0.009795349261110253,0.06528202724135834
2017-04-10,81.75,82.599998,81.155998,82.25,82.25,128900,0.00609757986811843,-0.02355724109151147,0.02548687152530782
2017-04-11,82.0,83.349998,81.050003,83.150002,83.150002,195200,0.013986413997791658,0.00018954215571564959,0.010682394383915828
2017-04-12,82.949997,83.449997,81.349998,81.599998,81.599998,215300,-0.013334502868525888,-0.011699146347519118,0.003974662075998836
2017-04-13,81.550003,82.550003,81.300003,81.449997,81.449997,164100,0.004352148060163152,0.01024720794254641,0.07265286137038629
2017-04-17,82.150002,83.400002,81.449997,82.849998,82.849998,224900,0.0014830333675934781,0.029829445035875146,0.11646446089911855
2017-04-18,82.699997,82.75,81.0,81.75,81.75,159800,-0.011408565654529745,0.015110650138158377,0.08308626097673777
2017-04-19,82.400002,84.449997,82.150002,84.25,84.25,152700,0.025883022836103997,0.03813608242278832,0.08204450729733992
2017-04-20,84.550003,84.849998,84.050003,84.5,84.5,113700,-0.006189149004089067,0.02754822281418967,0.058693824780322146
2017-04-21,84.300003,84.900002,83.75,84.599998,84.599998,168200,0.006124955310281344,0.019452871331031574,0.05398039465227278
2017-04-24,85.300003,85.675003,83.449997,84.699997,84.699997,245900,-0.008669141973845385,0.024902413074097574,0.0685313518622559
2017-04-25,85.400002,87.300003,85.0,87.050003,87.050003,119300,0.016159669354478545,0.041199252060202696,0.09753189830667885
2017-04-26,86.300003,88.375,86.199997,87.349998,87.349998,167400,0.012734038843961848,0.03665943078554701,0.1164543576027155
2017-04-27,87.550003,87.900002,85.949997,86.050003,86.050003,148700,-0.016892318419072794,0.03157051419049228,0.038322870515902885
2017-04-28,86.099998,86.550003,85.400002,85.449997,85.449997,120100,-0.0036097292100745193,-0.005352273762415649,0.05578492770453192
2017-05-01,85.449997,87.400002,85.449997,87.199997,87.199997,219300,0.020344066309351483,0.017755741674136516,0.09726572419744883
2017-05-02,87.550003,88.900002,87.25,88.349998,88.349998,107900,0.009045950346639131,0.02544688066601708,0.11429213161434859
2017-05-03,87.699997,88.900002,87.449997,88.099998,88.099998,190400,0.00386791861658331,0.033485797496723535,0.10202652702730575
2017-05-04,88.800003,88.800003,86.900002,88.25,88.25,164400,-0.006099992997699033,0.013310129405597948,0.06524857275280915
2017-05-05,88.550003,89.5,87.900002,88.5,88.5,149100,-0.0034531672961435333,0.008132492043235295,0.05560593374307654
2017-05-08,88.550003,88.550003,85.300003,85.75,85.75,159200,-0.03189792148867454,-0.007924195869507322,0.034291997960293585
2017-05-09,85.25,85.675003,83.050003,83.449997,83.449997,300300,-0.01939816274730788,-0.029004689846756193,-0.0060162304474937756
2017-05-10,82.5,89.550003,79.154999,89.449997,89.449997,826200,0.07969733140517388,0.020755379456804057,0.04250210285361877
2017-05-11,88.650002,90.0,87.599998,88.849998,88.849998,416600,0.0024205781184836184,0.004276750826306852,0.049366044979071155
2017-05-12,87.400002,87.694,83.25,83.75,83.75,424600,-0.04201521694802679,-0.05179557872620588,-0.005106514502903892
2017-05-15,83.650002,85.050003,83.5,84.949997,84.949997,207400,0.011943640583591097,-0.04345333109275007,0.021303258315596985
2017-05-16,85.0,85.400002,83.375,84.650002,84.650002,174800,-0.002511160612995056,-0.04505237586985178,0.02956899199480567
2017-05-17,83.150002,84.0,80.949997,81.050003,81.050003,191100,-0.014643113338501657,-0.03856184318674849,0.00019512527239484712
2017-05-18,81.0,82.099998,78.449997,81.900002,81.900002,233600,0.006376516435060431,-0.005646454677143531,-0.0018673358635270532
2017-05-19,81.900002,82.900002,80.900002,81.800003,81.800003,116900,-0.005580944435275015,-0.08191509207340264,-0.015855748128272396
2017-05-22,81.949997,82.849998,81.599998,82.449997,82.449997,91200,0.0032340780533646196,-0.07458213072190212,-0.025405627898546612
2017-05-23,82.650002,83.599998,81.599998,82.949997,82.949997,154800,0.0030476364111677867,-0.012738521829699145,-0.006145889985083919
2017-05-24,82.900002,84.050003,82.849998,83.949997,83.949997,173100,0.011346101088959948,-0.012702688240392668,-0.0016466378673420934
2017-05-25,84.0,84.800003,83.199997,84.599998,84.599998,168200,0.004825017880630611,-0.006571357012697732,-0.006831810053767207
2017-05-26,84.050003,85.0,83.199997,84.099998,84.099998,117100,4.807184789168417e-05,0.012303820088959583,-0.002611704776803947
2017-05-30,83.849998,84.900002,83.300003,84.25,84.25,156100,0.004245074549536376,0.008538505545329755,-0.03146491274098562
2017-05-31,84.150002,84.349998,81.900002,82.849998,82.849998,222600,-0.013982527460834504,0.0002081684302064346,-0.04319580251225563
2017-06-01,83.150002,84.949997,81.849998,84.900002,84.900002,277300,0.01488027595747532,0.014340101243532466,-0.03051839798604572
2017-06-02,85.050003,87.400002,85.050003,86.5,86.5,188800,0.013706092402159697,0.025099741181939805,-0.005948561877241687
2017-06-05,86.550003,87.25,84.949997,85.5,85.5,87400,-0.011496049140738762,0.005192776648815567,-0.03765311327872922
2017-06-06,84.900002,85.949997,83.5,84.349998,84.349998,131100,-0.00543382611824228,-0.008846688619696508,-0.052337929459010724
2017-06-07,84.849998,86.25,83.599998,85.550003,85.550003,124200,0.007759818475674862,0.009950734042456055,-0.024231484924840174
2017-06-08,85.650002,87.050003,85.150002,86.650002,86.650002,149400,0.011804987128516409,0.01947219238253517,-0.006640446596034799
2017-06-09,86.900002,87.900002,82.589996,83.0,83.0,146300,-0.044019451339439186,-0.006437130419543635,-0.06738867460593578
2017-06-12,83.0,83.5,80.5,82.900002,82.900002,147100,-0.0026513775887400115,-0.023563210911724752,-0.07952848956378755
2017-06-13,84.150002,89.5,82.900002,86.849998,86.849998,371300,0.029037592813213386,0.0035133909101636718,-0.03592096846380155
2017-06-14,87.050003,87.349998,84.5,84.949997,84.949997,120800,-0.022031327866982586,-0.007200307747647905,-0.058163550431975075
2017-06-15,83.949997,85.099998,83.449997,84.949997,84.949997,150400,0.0084151682685345,0.005800483877473006,-0.05466993762477301
2017-06-16,84.199997,85.75,83.650002,84.449997,84.449997,294600,0.002179459358408131,-0.01294554128181069,-0.029252830337143543
2017-06-19,84.699997,87.25,84.699997,86.699997,86.699997,118600,0.01888162128215054,-0.007472718201831263,0.01489152504889013
2017-06-20,86.449997,87.650002,86.150002,86.699997,86.699997,219700,0.008464915197427203,0.04145254019102396,-0.046691513871715884
2017-06-21,87.150002,88.300003,86.050003,87.0,87.0,151600,-0.00020472208494837218,0.04571590293692651,-0.03808933745316789
2017-06-22,87.099998,89.599998,86.900002,89.300003,89.300003,198100,0.02613512114060157,0.030219166976880096,0.04609377723928443
2017-06-23,89.550003,90.900002,87.849998,90.449997,90.449997,392800,0.008501890184591687,0.06257845534866213,0.047868236009437126
2017-06-26,90.400002,91.0,86.900002,86.949997,86.949997,202300,-0.037170132192115624,0.020556621428236888,0.010939059673315654
2017-06-27,86.900002,87.699997,84.650002,84.75,84.75,140300,-0.018066620364736607,0.009221551798232142,0.01853056464783709
2017-06-28,85.5,89.150002,85.099998,88.599998,88.599998,165500,0.030690811655403216,0.02689648109179643,0.04743446081783009
2017-06-29,88.400002,89.0,84.699997,85.949997,85.949997,120000,-0.018776914800629818,-0.0015516008665308334,0.03367197733515592
2017-06-30,86.5,88.175003,85.699997,87.75,87.75,91700,0.016733810349936817,0.013605423202998956,0.05009821647173318
2017-07-03,88.0,88.75,85.800003,87.050003,87.050003,87400,-0.009874818583505807,-0.02326119520831682,0.03557110386066675
2017-07-05,87.0,89.800003,87.0,88.849998,88.849998,134500,0.020317623904704263,-0.01548254627959178,0.045088377970238014
2017-07-06,87.849998,88.150002,85.300003,86.400002,86.400002,75900,-0.010978106521559283,0.005748331966931808,0.023258748652945194
2017-07-07,87.050003,88.949997,87.050003,88.949997,88.949997,75600,0.01677223039939868,0.045974174362316766,0.05220091892119427
2017-07-10,88.75,88.849998,86.150002,86.349998,86.349998,162700,-0.02861825718643196,-0.02027534806946285,0.018620607203037487
2017-07-11,86.5,87.349998,85.800003,87.0,87.0,72900,0.006513803230501658,0.009735897854614706,0.043199706759564194
2017-07-12,88.099998,88.349998,87.199997,87.300003,87.300003,90300,-0.012196415944335293,-0.013294882444728984,0.02246323278347173
2017-07-13,87.449997,88.949997,85.349998,85.5,85.5,74200,-0.02371171202686817,-0.02568450334464245,-0.015213140665915503
2017-07-14,86.349998,87.099998,85.650002,86.5,86.5,82000,-0.002383860870053489,-0.037733689260760706,0.0021619120606617415
2017-07-17,86.650002,88.0,85.949997,86.550003,86.550003,87800,-0.001008297520593615,-0.018554026807091617,0.013551410465550084
2017-07-18,86.150002,86.75,85.349998,85.800003,85.800003,78200,-0.005995173384961916,-0.05055894869658317,-0.008308763817844955
2017-07-19,86.349998,86.75,85.349998,85.849998,85.849998,104400,-0.009849598921330305,-0.02474174938820184,-0.02559333456769952
2017-07-20,86.449997,86.449997,84.400002,84.650002,84.650002,108300,-0.02018830573458974,-0.04694683468180383,0.0026900024973040004
2017-07-21,86.699997,86.869003,81.699997,82.0,82.0,185600,-0.057815655097516405,-0.07454810782340981,-0.02852166412821333
2017-07-24,81.900002,84.699997,81.569,84.400002,84.400002,92800,0.030930469390050952,-0.02192867808514709,-0.040655209661226266
2017-07-25,84.449997,86.150002,84.400002,85.550003,85.550003,140000,0.013244151601932153,-0.018279397201637515,-0.008917177393327869
2017-07-26,85.900002,86.800003,84.550003,84.949997,84.949997,80200,-0.010257796454300916,-0.02623106028616995,-0.01848013369809287
2017-07-27,85.599998,86.0,82.349998,83.550003,83.550003,135700,-0.021279167306050617,-0.03257446742430581,-0.027937689960340073
2017-07-28,83.099998,84.699997,82.550003,84.449997,84.449997,117600,0.014908757682153606,-0.015742399304070176,-0.033863015669938434
2017-07-31,84.0,84.449997,81.175003,81.650002,81.650002,120100,-0.026094477455971266,-0.03480899148496874,-0.0735715291786887
2017-08-01,81.5,81.900002,77.75,80.800003,80.800003,339800,-0.008323198353532568,-0.016282007928060338,-0.09051957499320018
2017-08-02,81.150002,81.150002,79.400002,79.650002,79.650002,149300,-0.01752379862283604,-0.06102195529014498,-0.13189633192825134
2017-08-03,79.699997,80.949997,78.900002,80.099998,80.099998,125300,0.0065705369048254525,-0.06381684838334589,-0.1353124811253359
2017-08-04,80.0,81.0,79.425003,80.449997,80.449997,147500,0.005629309635784452,-0.05402331626968948,-0.09306007139601924
2017-08-07,79.900002,83.5,79.650002,83.199997,83.199997,156100,0.03895066677931158,-0.006413324980476531,-0.043572566739048746
2017-08-08,82.849998,84.5,82.550003,84.099998,84.099998,177600,0.0163598384287722,-0.005293073787811409,-0.06605257054954627
2017-08-09,81.650002,89.099998,81.650002,88.050003,88.050003,460200,0.07195248400239151,0.07395827959654167,0.0019383512843837991
2017-08-10,87.050003,88.199997,86.300003,87.949997,87.949997,213300,0.021367495236019884,0.10031302832031308,-0.0038119698758860565
2017-08-11,86.5,87.800003,83.75,86.650002,86.650002,349100,0.0016179147986781217,0.09897434184819431,-0.009660794871740208
2017-08-14,87.800003,87.849998,85.199997,86.099998,86.099998,102400,-0.023974250580420353,0.0747932299987415,-0.04503670484700262
2017-08-15,86.099998,86.849998,85.5,85.599998,85.599998,131300,-0.004182294143745935,0.06699534848817201,-0.031813054874779034
2017-08-16,85.75,86.949997,84.58000200000001,86.0,86.0,168000,0.00312178479837133,0.03827265846423522,-0.05127408263713029
2017-08-17,85.349998,86.0,84.300003,84.349998,84.349998,124700,0.0016787813790770656,0.021280906147775447,-0.024496316332307977
2017-08-18,83.550003,85.849998,81.5,83.150002,83.150002,166000,-0.00393783630759259,-0.03747259622450372,-0.045270142794734625
2017-08-21,83.099998,84.099998,82.300003,84.0,84.0,111000,0.009589511187345856,-0.04190778926362615,-0.03242487669478322
2017-08-22,84.050003,85.349998,83.099998,85.0,85.0,138100,0.003560644648433531,-0.023798872264576332,-0.007775163791674089
2017-08-23,84.300003,86.050003,84.099998,85.5,85.5,77000,0.014478045715676124,0.0018871199173045028,-0.005415895668937409
2017-08-24,85.349998,86.0,84.349998,85.449997,85.449997,144300,0.004829704820277669,0.008703930907041801,-0.004555097160645616
2017-08-25,85.650002,86.0,85.150002,85.75,85.75,97900,0.0018501442419189829,0.007294229935451035,0.006579095994903916
2017-08-28,86.0,87.150002,85.824997,86.599998,86.599998,153800,0.008224110710834509,0.020486151808496444,0.020731584864390307
2017-08-29,85.699997,86.5,85.650002,85.800003,85.800003,211200,-0.004721179650112539,0.022854435768041803,0.024531127655111007
2017-08-30,85.75,86.25,84.949997,85.0,85.0,96300,-0.013487469386494588,-0.0001264745478657403,0.04199675658076085
2017-08-31,85.400002,86.050003,84.849998,86.0,86.0,156700,0.0033532339986859228,0.003922129600592683,0.018075643894065685
2017-09-01,86.0,88.0,85.0,87.900002,87.900002,278800,0.02099204237990815,0.014469392834357109,0.027332894367057214
2017-09-05,87.25,88.900002,86.800003,87.5,87.5,107200,0.007934089027499702,0.015996202124875403,0.037672165250399736
2017-09-06,88.199997,88.199997,85.150002,86.300003,86.300003,119800,-0.02247108096280659,-0.002770040689924258,0.03638352272928547
2017-09-07,86.900002,87.5,85.949997,86.900002,86.900002,69300,0.0012000264580960263,-0.005039919495994916,0.03143406467246557
2017-09-08,86.25,89.949997,86.050003,88.050003,88.050003,172900,0.020987924928778767,0.01972007231127293,0.07906019145135268
2017-09-11,89.349998,89.75,87.449997,87.800003,87.800003,137100,-0.022976667634283743,0.020068079956495843,0.07834684446531703
2017-09-12,87.5,89.650002,87.300003,88.75,88.75,163100,0.012364403204969676,0.02148030456365202,0.10057790374786268
2017-09-13,88.599998,88.75,87.5,88.150002,88.150002,102400,-0.006886772039203848,-0.005931979560132916,0.08521776319027019
2017-09-14,86.849998,88.199997,86.849998,88.099998,88.099998,77800,0.013865182969981404,-0.008416501402039422,0.0832789801180498
2017-09-15,88.300003,88.75,87.199997,88.300003,88.300003,324900,-0.0018255206692794346,0.008938655348161184,0.05173550305792318
2017-09-18,88.900002,89.0,88.199997,88.849998,88.849998,124300,-0.001105982411875317,0.006586309497720322,0.0433134479579973
2017-09-19,88.699997,89.550003,88.25,89.449997,89.449997,196500,0.008276347289398522,-0.0024297995954940532,0.002672112259316961
2017-09-20,89.449997,90.0,89.050003,90.0,90.0,174700,0.005571616871551832,0.01669025665804824,-0.005275927196947805
2017-09-21,90.5,90.5,89.050003,89.300003,89.300003,165700,-0.010728468157611637,0.00452908255165152,0.006132644451319891
2017-09-22,89.150002,89.900002,88.0,88.900002,88.900002,153300,-0.004792393140563789,0.006932473299121611,0.017357006490650306
2017-09-25,88.949997,88.949997,86.300003,87.300003,87.300003,117700,-0.01763102726774246,-0.009538574204891681,0.006745057424986101
2017-09-26,87.650002,88.199997,87.0,87.449997,87.449997,93300,-0.0006037736592210408,-0.008316222379456839,0.005146622214231122
2017-09-27,87.849998,90.0,87.300003,89.599998,89.599998,118600,0.018231596876488787,0.0071405573233684905,0.02917309913359034
2017-09-28,89.5,90.0,88.800003,89.75,89.75,83900,0.00013648866085080869,0.0019887314454383187,0.042133439929259
2017-09-29,89.800003,90.400002,89.362999,90.300003,90.300003,155500,0.0018143426683687736,-0.001095812184441769,0.035536049882236576
2017-10-02,90.199997,92.400002,89.900002,92.300003,92.300003,242300,0.0198782770158914,0.021701932395695067,0.05163344911159129
2017-10-03,91.900002,93.099998,90.800003,91.599998,91.599998,155800,-0.004944059056009031,0.0170694374571001,0.032539324030445904
2017-10-04,91.550003,93.0,91.449997,92.849998,92.849998,78900,0.012419888924347866,0.04531465519651956,0.04335578171446386
2017-10-05,92.900002,93.550003,91.900002,93.199997,93.199997,112900,-0.0011781505509418366,0.041801668721828555,0.03965406100060864
2017-10-06,92.599998,94.199997,92.599998,94.199997,94.199997,101800,0.016389329710712275,0.03333703186085302,0.042023979185946914
2017-10-09,94.0,94.650002,92.650002,93.050003,93.050003,108000,-0.007544046323200604,0.022391122564629384,0.04167012672584658
2017-10-10,93.25,93.25,91.300003,91.550003,91.550003,74400,-0.018653587083918843,0.0014084876071107644,0.03707101203721308
2017-10-11,91.449997,92.5,91.449997,91.900002,91.900002,63400,0.0030990730412616685,-0.014617809273456572,0.033093510237542034
2017-10-12,91.599998,92.25,91.400002,91.599998,91.599998,108600,0.000764115892072148,-0.006429998289140926,0.01163993290694787
2017-10-13,91.75,92.550003,91.599998,92.099998,92.099998,98600,0.004782213681046699,-0.014172121296851081,0.013187458292737375
2017-10-16,92.199997,93.199997,91.849998,92.550003,92.550003,152100,0.002979374301308013,-0.009178713317740339,0.03324538837279256
2017-10-17,92.050003,93.949997,92.050003,93.550003,93.550003,54100,0.01530802323258662,-0.010850723845231336,0.03621317483671049
2017-10-18,93.949997,95.599998,93.300003,94.949997,94.949997,98500,0.011216152860965778,0.013738607664309122,0.03568866207888277
2017-10-19,94.900002,95.599998,94.400002,95.199997,95.199997,115600,-0.0002492432303782266,0.03461159954821014,0.051614531628927374
2017-10-20,95.849998,96.199997,95.199997,95.550003,95.550003,85000,-0.006109761023759042,0.031163730709431015,0.04277693638332103
2017-10-23,96.050003,97.650002,95.449997,95.449997,95.449997,95400,-0.001172109132461685,0.035678567278335294,0.05325047974541608
2017-10-24,95.599998,96.949997,95.150002,96.599998,96.599998,119000,0.010222974616504565,0.04147221813410873,0.06307617782888553
2017-10-25,94.550003,97.199997,94.550003,96.150002,96.150002,172700,0.020438250736566133,0.038352019109472835,0.06265875213410421
2017-10-26,96.0,97.800003,96.0,97.099998,97.099998,118300,0.011268243692676982,0.036839080944591984,0.06646594628358216
2017-10-27,97.150002,100.599998,97.099998,100.550003,100.550003,349000,0.030201946655096457,0.04960000121791808,0.0877184628922949
2017-10-30,99.849998,100.300003,98.550003,99.5,99.5,229200,-0.0016009609504150646,0.03999851614966499,0.07492279112054412
2017-10-31,99.800003,101.150002,99.050003,100.550003,100.550003,165400,0.007770351266644049,0.050986009239799124,0.08923386307146863
2017-11-01,99.75,101.199997,99.004997,99.650002,99.650002,255500,0.0004884598548517971,0.03747087388269943,0.0837888803289939
2017-11-02,99.400002,101.0,99.400002,99.949997,99.949997,170700,0.005366661034683418,0.029927289376022514,0.10254204140979972
2017-11-03,99.900002,101.449997,98.349998,101.300003,101.300003,156000,0.011630305217813053,0.04024668186317637,0.11122165637673742
2017-11-06,101.75,104.050003,101.349998,103.849998,103.849998,212400,0.019015231008999045,0.0552756055286725,0.11460099448888617
2017-11-07,104.150002,104.75,102.25,103.800003,103.800003,300900,-0.002798838267053405,0.02811001343335917,0.11383974488021575
2017-11-08,104.150002,114.599998,104.150002,113.550003,113.550003,645400,0.08422325315946289,0.12374461953392402,0.1997632228389099
2017-11-09,112.699997,116.349998,112.300003,115.849998,115.849998,256200,0.027326884620562097,0.13801305084740267,0.20554498152317624
2017-11-10,114.550003,114.550003,104.449997,106.25,106.25,324700,-0.07603798334855139,0.06299159505304797,0.12971103792494176
2017-11-13,106.150002,109.199997,105.550003,108.949997,108.949997,174800,0.022815726002848535,0.0842866540806515,0.14151404029393166
2017-11-14,108.0,108.800003,105.610001,107.599998,107.599998,179400,-0.004145036430864835,0.06380640933831039,0.13322639699321925
2017-11-15,107.300003,107.300003,103.949997,104.699997,104.699997,201900,-0.022648104340942332,0.01843522188465041,0.09969918451268356
2017-11-16,105.0,105.900002,104.224998,104.699997,104.699997,294300,-0.007781197576409049,0.010564979580862222,0.10201360189644859
2017-11-17,103.849998,104.599998,102.150002,104.550003,104.550003,187700,0.008302584572641436,-0.07657391956116211,0.12178081567063703
2017-11-20,104.25,106.599998,103.949997,106.550003,106.550003,204500,0.02079575606981976,-0.08272177747588572,0.1374410133207471
2017-11-21,106.599998,108.0,105.599998,107.550003,107.550003,121900,0.005071411892020095,0.005703259802493754,0.14184429601657644
2017-11-22,107.050003,107.800003,105.050003,105.199997,105.199997,132100,-0.016189846909258065,-0.0397498845449995,0.11593627704578324
2017-11-24,105.25,105.25,102.199997,104.900002,104.900002,107100,-0.004099749035594513,-0.03450348219842958,0.10790162811253001
2017-11-27,104.949997,105.150002,103.050003,103.300003,103.300003,161500,-0.015370067164187873,-0.027708738737853622,0.08284116962006127
2017-11-28,102.949997,105.599998,101.949997,105.599998,105.599998,207200,0.017350628077910102,-0.007325470678015478,0.08094952355412399
2017-11-29,105.050003,105.5,102.5,105.150002,105.150002,132000,0.0016176383918580228,-0.01242239020039193,0.07474682592203497
2017-11-30,105.5,105.800003,103.300003,105.300003,105.300003,133100,-0.007066548369424552,-0.03682851270453469,0.0694487699067814
2017-12-01,105.599998,108.849998,102.300003,105.900002,105.900002,153100,0.003926366081376642,-0.03194176437033125,0.0742239643679099
2017-12-04,107.199997,107.550003,99.75,99.849998,99.849998,129800,-0.06432478067380654,-0.06837321603208757,0.006090842879586944
2017-12-05,100.0,101.75,99.050003,99.5,99.5,179400,-0.0011373110685877208,-0.0632284994977459,0.006321109505311284
2017-12-06,99.300003,101.599998,98.949997,100.650002,100.650002,145000,0.012350483617816543,-0.03663706213604634,0.00936502653942295
2017-12-07,101.949997,102.300003,100.349998,100.400002,100.400002,116200,-0.018586913491487778,-0.054272688609402486,-0.02292316627319657
2017-12-08,100.849998,102.25,97.5,98.5,98.5,171800,-0.025574801100963995,-0.07496843265482234,-0.04022012288245236
2017-12-11,98.550003,99.599998,97.949997,98.849998,98.849998,107600,0.00010279726895845442,-0.06788623319085474,-0.04942347252387247
2017-12-12,98.349998,98.349998,91.300003,94.900002,94.900002,339200,-0.03660260127254045,-0.11792216617533136,-0.08116907569012088
2017-12-13,94.75,97.150002,93.699997,96.099998,96.099998,255900,0.015925912673888654,-0.04711000817296984,-0.07094645466940541
2017-12-14,96.300003,97.400002,95.300003,95.75,95.75,121600,-0.0005150664571020869,-0.04691450234680428,-0.08084007470466936
2017-12-15,96.050003,99.650002,96.050003,98.699997,98.699997,256500,0.02152672817777379,-0.037110167484525114,-0.08302074647377466
2017-12-18,99.550003,99.599998,93.0,93.699997,93.699997,181800,-0.06213925755388061,-0.08903039325588047,-0.1400635729624362
2017-12-19,93.650002,95.949997,93.650002,94.400002,94.400002,181000,0.012159610248848374,-0.053755077040355204,-0.21771981945673158
2017-12-20,96.199997,97.199997,96.0,96.849998,96.849998,196600,0.010061497513599527,-0.027654705163773663,-0.2150912285350488
2017-12-21,96.900002,97.5,96.5,96.800003,96.800003,175100,-0.0016100725399059712,0.012172790374285647,-0.1319878803688832
2017-12-22,97.199997,97.199997,94.949997,95.099998,95.099998,93200,-0.021513879948081183,-0.018125652072241927,-0.17335876082229884
2017-12-26,94.849998,96.550003,94.800003,96.349998,96.349998,107400,0.015164571992185572,-0.0044387514171937426,-0.1490852354601735
2017-12-27,96.5,97.849998,96.099998,96.650002,96.650002,99300,0.0013593517875030159,-0.023530501922653713,-0.12498647028107879
2017-12-28,96.800003,97.0,95.199997,95.550003,95.550003,110800,-0.013533250792121088,0.02052589196779664,-0.1301026605755018
2017-12-29,96.0,96.0,93.949997,94.099998,94.099998,128700,-0.01419470317149063,-0.0002475873533676065,-0.14139348724893708
2018-01-02,92.900002,92.900002,89.0,90.349998,90.349998,549800,-0.032323799649376816,-0.07563420736440829,-0.20800365842357138
2018-01-03,89.400002,91.900002,89.199997,90.550003,90.550003,132100,0.007159537818417938,-0.07730138724215863,-0.21499252741353558
2018-01-04,90.900002,92.199997,83.25,84.599998,84.599998,1104000,-0.07354530039892726,-0.1320300990605503,-0.26563897533784964
2018-01-05,85.300003,88.199997,84.0,85.150002,85.150002,525500,-0.006078219849598554,-0.1466764586074092,-0.2612582118691531
2018-01-08,85.150002,86.900002,82.550003,86.699997,86.699997,741900,0.016203465330201006,-0.132616227939498,-0.22989395948272318
2018-01-09,87.050003,90.900002,87.050003,89.699997,89.699997,445700,0.029937098630335335,-0.0866225816621542,-0.2093997715596405
2018-01-10,89.25,89.25,86.550003,88.25,88.25,201700,-0.012243348623933059,-0.09171173119049225,-0.2206828282390374
2018-01-11,88.400002,92.0,87.599998,91.900002,91.900002,180600,0.033543290319498986,-0.009257293003571476,-0.18043243872260817
2018-01-12,91.849998,92.0,90.349998,91.150002,91.150002,137300,-0.01343100439869449,-0.020011536544867425,-0.20306229958807176
2018-01-16,91.25,91.599998,87.099998,87.199997,87.199997,358900,-0.037313090208617616,0.011205467140651848,-0.18606029216511022
2018-01-17,87.699997,89.699997,87.43,89.449997,89.449997,160200,0.013468884120655389,0.027838898963559622,-0.17019081340784759
2018-01-18,89.75,90.5,89.099998,90.099998,90.099998,299900,0.0054526644849675066,0.020318508039981253,-0.17293838930669558
2018-01-19,89.699997,91.550003,89.599998,91.349998,91.349998,216600,0.015483861383035702,-0.002993824564480718,-0.15812090751471874
2018-01-22,91.699997,94.699997,90.75,94.5,94.5,154200,0.021637341824096268,0.0380575784263284,-0.10765681715788666
2018-01-23,94.75,97.400002,94.224998,97.25,97.25,294300,0.024605103524100613,0.03105239227093204,-0.08149381326082139
2018-01-24,97.25,99.949997,97.25,98.050003,98.050003,527500,0.01096576405816041,0.0547265798727512,-0.030413553539989202
2018-01-25,98.900002,101.650002,98.550003,100.099998,100.099998,227600,0.014519296181838115,0.11558773697685876,-0.02336254701528162
2018-01-26,100.75,101.300003,99.25,100.650002,100.650002,389000,-0.009870214114815035,0.09319113095278642,-0.030085180108256893
2018-01-29,100.0,101.849998,99.75,101.599998,101.599998,132000,0.0206628949024541,0.10048214703029767,-0.035346074791872795
2018-01-30,100.550003,102.25,99.449997,101.349998,101.349998,187300,0.011570952780616928,0.09957465695012235,0.030484142691284077
2018-01-31,101.5,102.849998,99.099998,99.599998,99.599998,179900,-0.015855803484595477,0.05580087327705918,0.0018991331595277217
2018-02-01,99.0,99.449997,96.900002,98.0,98.0,141500,-0.012113921342554512,0.01374136303000828,-0.04009774506703945
2018-02-02,97.5,98.5,95.550003,96.25,96.25,280100,0.0038945563625212287,0.008406804434305748,-0.0341795394799691
2018-02-05,95.150002,97.199997,93.949997,95.300003,95.300003,282100,0.035760418101185465,0.0202405708844271,0.015003675941387407
2018-02-06,93.400002,96.050003,91.800003,94.150002,94.150002,268800,-0.022272226615340784,-0.0028984361429067462,-0.028544864833969896
2018-02-07,94.150002,95.800003,93.154999,94.699997,94.699997,176700,0.00928299213529904,-0.00820868538098729,-0.020024258250206373
2018-02-08,94.5,94.849998,89.199997,89.300003,89.300003,218700,-0.01709077768603784,-0.037157060490980776,-0.027198809767493337
2018-02-09,89.849998,91.25,89.150002,90.300003,90.300003,296500,-0.0018108260102707163,-0.022940159058251197,-0.02079343854535587
2018-02-12,90.150002,92.849998,88.800003,91.550003,91.550003,176200,0.008136198615324552,-0.007464647249194378,0.028071815048174464
2018-02-13,91.699997,93.650002,90.050003,92.5,92.5,163900,0.002406653390517377,-0.003169003228064682,0.03995284453412484
2018-02-14,92.150002,94.349998,92.150002,93.599998,93.599998,155600,-0.0021154123267237424,-0.03658413579278008,0.11044963920915762
2018-02-15,94.75,98.25,93.75,98.199997,98.199997,124400,0.029247844661388633,0.02882596471001886,0.14695755848345815
2018-02-16,98.0,100.699997,97.025002,98.699997,98.699997,105100,0.005256384212624532,0.02269246553403015,0.1352844352233218
2018-02-20,98.599998,100.0,97.699997,99.349998,99.349998,131400,0.010052307325174148,0.05556841031686677,0.11499218221152763
2018-02-21,100.449997,101.550003,98.5,98.699997,98.699997,239700,-0.010492693617275783,0.05820571520674456,0.12912400785188094
2018-02-22,98.900002,101.0,98.349998,99.599998,99.599998,91000,0.009439110565711673,0.06638072148631746,0.1037098295380634
2018-02-23,99.849998,102.25,98.599998,102.150002,102.150002,115300,0.011241259302853912,0.06804582073303855,0.12801020181203082
2018-02-26,102.5,104.75,102.449997,104.150002,104.150002,218400,0.007939689930308802,0.07723895055196373,0.1764831226204695
2018-02-27,104.699997,106.349998,102.550003,104.300003,104.300003,278900,0.009266312988604142,0.055487505035005213,0.17460616455490374
2018-02-28,107.050003,115.050003,106.699997,108.199997,108.199997,998300,0.025298869447102135,0.09864992756031121,0.21361585474365175
2018-03-01,108.0,110.25,106.875,108.449997,108.449997,262500,0.018083968958283236,0.10194921429497938,0.21993522107098773
2018-03-02,108.400002,113.300003,107.599998,112.949997,112.949997,263100,0.02902004142853798,0.1385988038064898,0.22966523323204235
2018-03-05,112.550003,115.0,111.199997,114.25,114.25,194600,0.0002263093277816708,0.13096684885502885,0.20362428612216021
2018-03-06,114.300003,116.099998,113.449997,115.949997,115.949997,205000,0.015087186793069307,0.1337225558485784,0.20700617778785801
2018-03-07,114.75,118.099998,114.75,117.849998,117.849998,359900,0.02054301325396235,0.14275871473999313,0.20365410038360388
2018-03-08,118.0,119.0,116.599998,117.800003,117.800003,295300,-0.003969826319995207,0.12365373522554268,0.20506876882766
2018-03-09,119.0,119.099998,117.699997,118.650002,118.650002,339100,-0.01509846455706576,0.06574613783780947,0.17887984555116354
2018-03-12,119.199997,121.349998,117.900002,121.099998,121.099998,468500,0.018512367854626177,0.07173773249755477,0.19209829661842015
2018-03-13,122.650002,123.650002,120.824997,123.199997,123.199997,249600,0.014190705364443446,0.059716814333687473,0.23358117428867065
2018-03-14,124.5,124.849998,121.599998,122.699997,122.699997,268800,-0.005663211909921806,0.060918889034984325,0.25080181212713626
2018-03-15,122.949997,126.0,122.75,125.150002,125.150002,234500,0.020258172233400984,0.06933720685927991,0.2679365802128322
2018-03-16,125.25,127.400002,124.050003,124.349998,124.349998,351100,-0.007734955568451163,0.04448476281150526,0.22789829231068204
2018-03-19,124.0,124.0,119.699997,121.099998,121.099998,340500,-0.013229047833065444,0.03718474725123677,0.24515195222180353
2018-03-20,121.25,124.349998,121.25,123.599998,123.599998,155700,0.01850016119011233,0.06617777703386718,0.253266307966018
2018-03-21,124.050003,126.699997,123.699997,126.099998,126.099998,235600,0.017518225782246155,0.0663347357992432,0.29559009290864413
2018-03-22,125.050003,125.699997,122.199997,122.349998,122.349998,192800,-0.003956872155874258,0.03805386634913255,0.2945751996960544
2018-03-23,123.400002,123.724998,120.099998,120.099998,120.099998,196000,-0.0047749098626308495,0.03900834164687428,0.2972748010232049
2018-03-26,121.849998,122.949997,119.875,120.0,120.0,434100,-0.03015366788631013,-0.009172611550087417,0.26193297189080944
2018-03-27,120.199997,121.349998,115.199997,115.75,115.75,688500,-0.016909927069123754,-0.01968949781332796,0.24479293029013416
2018-03-28,116.0,117.349998,113.449997,114.050003,114.050003,305400,-0.014537690889461885,-0.019386817375780296,0.19693917013600437
2018-03-29,114.900002,117.25,113.75,115.650002,115.650002,540600,-0.0035638319322899292,-0.038084350194739436,0.19248949223724843
2018-04-02,114.800003,115.5,111.150002,112.199997,112.199997,254000,-0.0031315590813623118,-0.06764949772691597,0.1723721848648614
2018-04-03,112.199997,113.800003,111.699997,113.300003,113.300003,474100,0.001197829224496516,-0.06572466443331315,0.17064482005599668
2018-04-04,114.449997,118.900002,112.25,118.400002,118.400002,403500,0.010730966060635616,-0.03582396782097419,0.19507011171591326
2018-04-05,119.900002,123.099998,119.099998,122.099998,122.099998,216200,0.01612221958255855,0.01573624630877024,0.20962339746654113
2018-04-06,121.349998,122.300003,119.050003,120.599998,120.599998,186000,0.009552225410380366,0.04417098029958044,0.21172496003775088
2018-04-09,121.400002,122.550003,120.400002,120.699997,120.699997,133200,-0.004245598892041791,0.0535436201309647,0.19499528523196386
2018-04-10,122.150002,123.300003,119.599998,122.349998,122.349998,269900,-0.005336393152257202,0.05027703794351446,0.14411660262045167
2018-04-11,122.050003,123.650002,121.300003,122.25,122.25,148000,0.0022804875582318473,0.06269483603251036,0.13311780660239236
2018-04-12,122.949997,124.550003,122.050003,124.150002,124.150002,331200,0.005891697630318937,0.07268006999348664,0.10472608624299351
2018-04-13,124.550003,124.550003,121.349998,122.099998,122.099998,114800,-0.012141724565244871,0.0263912637695487,0.09049452663043311
2018-04-16,123.949997,124.394997,122.599998,123.0,123.0,124100,-0.01058844957565963,0.0017267138291101602,0.0776275554470729
2018-04-17,123.849998,125.099998,123.25,124.849998,124.849998,145600,0.0029855157761460305,-0.003752682522497608,0.06521356277526014
2018-04-18,125.5,126.75,124.699997,125.400002,125.400002,141000,-0.0002544748721016177,0.0023140997839172783,0.07365564979033845
2018-04-19,127.150002,127.150002,124.349998,125.199997,125.199997,232600,-0.012477837617932863,0.009471400896370774,0.08784186567901298
2018-04-20,125.800003,126.675003,124.400002,124.75,124.75,146800,-2.006306881874309e-05,0.009720837255145831,0.07110091135998342
2018-04-23,125.199997,125.349998,122.800003,122.949997,122.949997,107100,-0.016222920544410435,-0.012074883989529717,0.03293438791977632
2018-04-24,123.050003,123.875,119.449997,120.599998,120.599998,115700,-0.0027124653115269126,-0.004143109060308348,0.025432528535140442
2018-04-25,117.800003,121.550003,117.800003,120.449997,120.449997,126700,0.020547617397668638,-0.006490700421822204,0.0017996481659707797
2018-04-26,121.199997,124.699997,120.650002,124.699997,124.699997,153400,0.02271910489793072,0.013481706281623929,0.0342105062453788
2018-04-27,124.699997,127.949997,124.699997,126.449997,126.449997,287200,0.016016444753706338,0.022740198628026675,0.059211101167128355
2018-04-30,125.050003,127.349998,123.699997,124.349998,124.349998,204900,0.0073158613852593035,0.010068223407157184,0.03173231205230298
2018-05-01,125.900002,127.949997,123.849998,127.75,127.75,252500,0.01011741783550324,0.02952501912706218,0.034291194687802395
2018-05-02,127.099998,129.050003,126.349998,128.5,128.5,184800,0.017975709941729257,0.05720086589661033,0.0520813874672541
2018-05-03,127.699997,134.0,125.050003,133.800003,133.800003,299400,0.046034830091210566,0.1057019382115616,0.09212612509982776
2018-05-04,132.850006,135.449997,130.0,134.699997,134.699997,229500,-0.0020540570889311383,0.10275595649043812,0.11372821620649631
2018-05-07,135.0,140.550003,134.75,139.100006,139.100006,331800,0.032799086055655735,0.10715107652276767,0.16105108058147444
2018-05-08,137.350006,140.0,134.25,135.899994,135.899994,412100,-0.011234615438938,0.0713197727208259,0.14991769126373455
2018-05-09,148.649994,154.050003,141.050003,152.25,152.25,1151900,0.016611563242115324,0.18381435722128003,0.25363101946832245
2018-05-10,152.300003,155.5,149.399994,154.300003,154.300003,528900,0.0063958673188997395,0.1634329452008192,0.26537363761553756
2018-05-11,145.949997,153.699997,142.25,153.350006,153.350006,663300,0.047616785177226006,0.1424653300935521,0.26027138199411937
2018-05-14,152.75,154.0,149.899994,150.050003,150.050003,240600,-0.014783830738166692,0.07715440922573524,0.2051045021465372
2018-05-15,149.800003,150.850006,148.692993,149.850006,149.850006,261100,0.002963609531416722,0.08871222554935798,0.18670419544708405
2018-05-16,150.449997,154.100006,150.100006,153.850006,153.850006,272700,0.01872648926886633,0.08231209223884672,0.19919219252074072
2018-05-17,153.399994,156.800003,152.649994,155.350006,155.350006,174100,0.012477437008013403,0.1158790530976681,0.21225312423043796
2018-05-18,155.800003,159.350006,155.725006,158.25,158.25,209200,0.017216120037668148,0.03304112315638541,0.2363951046811934
2018-05-21,157.100006,159.0,156.600006,157.600006,157.600006,200600,0.004048045029283465,0.017517812375968944,0.22019661395899615
2018-05-22,158.350006,158.600006,154.800003,155.949997,155.949997,135300,-0.010183338286460675,0.018015698162836102,0.20560701016346883
2018-05-23,154.949997,158.449997,154.300003,156.350006,156.350006,129900,0.0019048161397234864,0.03997168856880151,0.21868492694579
2018-05-24,156.0,157.25,152.0,156.0,156.0,208800,0.0011650874340976003,0.03422393928892653,0.21920142090690042
2018-05-25,156.149994,157.350006,155.100006,157.050003,157.050003,99800,0.00658101033938685,0.02100121328177984,0.22394608832501817
2018-05-29,155.699997,157.5,154.100006,157.350006,157.350006,124400,0.01619503110187992,0.023982430022511103,0.2339214544690318
2018-05-30,157.850006,162.5,156.850006,158.850006,158.850006,266500,-0.0016385744607214647,-0.0002767605040716603,0.22664694328075097
2018-05-31,162.850006,164.25,159.899994,160.899994,160.899994,200200,-0.006256179540285345,0.03092464092692193,0.24140041763077225
2018-06-01,162.300003,167.350006,160.75,165.25,165.25,247100,0.012174263250049222,0.05419440633344319,0.27187630048644174
2018-06-04,166.300003,166.895004,161.600006,165.100006,165.100006,259000,-0.009136945866028867,0.04949816684141606,0.2723262028475144
2018-06-05,164.550003,167.199997,163.300003,164.0,164.0,119400,-0.0034717958002978833,0.04232671317837777,0.2680188345071004
2018-06-06,164.949997,166.300003,162.449997,165.949997,165.949997,187700,-0.0008691986686315545,0.03654766372029439,0.24701204576368863
2018-06-07,165.649994,165.945007,157.0,161.0,161.0,243800,-0.026860535467359448,-0.006560036747648823,0.2046212190933563
2018-06-08,161.300003,165.800003,160.949997,165.300003,165.300003,273600,0.01973848098054809,0.019804731124846597,0.23638345099844038
2018-06-11,165.600006,166.300003,162.550003,162.699997,162.699997,204800,-0.01832172654908426,-0.016843384555860652,0.19503201394784941
2018-06-12,162.699997,163.300003,160.449997,162.949997,162.949997,261400,0.0010867553962832233,-0.032935523427343405,0.181739911162488
2018-06-13,163.25,163.5,157.350006,159.350006,159.350006,278000,-0.0197544452456464,-0.04586389082408182,0.12076037381187099
2018-06-14,159.649994,160.399994,155.149994,156.899994,156.899994,613600,-0.01711654293429188,-0.056439542369186135,0.10882333564747615
2018-06-15,156.699997,156.699997,152.550003,155.050003,155.050003,496100,-0.011261993756609634,-0.07057207026686285,0.0692888989740581
2018-06-18,154.25,156.0,152.649994,155.699997,155.699997,338000,0.006482524074278295,-0.03469257315812069,0.0986088732144097
2018-06-19,155.0,155.550003,152.350006,153.350006,153.350006,298200,-0.014539307166537618,-0.06910581425473872,-0.01653672047757837
2018-06-20,153.350006,156.0,152.600006,154.600006,154.600006,417300,0.008988713172532137,-0.045776094729267136,-0.014177025982236913
2018-06-21,155.949997,155.949997,149.300003,150.800003,150.800003,342500,-0.02650721804216083,-0.0640905892813608,-0.02481600821242491
2018-06-22,151.449997,152.949997,147.25,148.199997,148.199997,2245000,-0.019549782280042116,-0.06503652160850493,-0.02143055702236918
2018-06-25,148.199997,149.449997,144.5,145.5,145.5,276700,-0.008910408511062506,-0.051640447058971084,-0.031529336960852916
2018-06-26,146.100006,152.25,145.25,150.199997,150.199997,567900,0.02733112136603566,-0.011207628768601374,-0.024230822033389998
2018-06-27,150.199997,152.100006,141.899994,142.699997,142.699997,381100,-0.04060423471025576,-0.060101044091338096,-0.0773712239745965
2018-06-28,141.850006,142.600006,134.75,140.300003,140.300003,787500,-0.017495110182350615,-0.07204560718508635,-0.12162345081905013
2018-06-29,140.350006,141.649994,137.149994,138.149994,138.149994,525100,-0.01258208537267791,-0.09465427862891751,-0.12634911698712337
2018-07-02,138.0,140.75,136.800003,138.550003,138.550003,602100,-0.004034722408918334,-0.07630528366438138,-0.1191369900396424
2018-07-03,139.050003,143.350006,136.800003,142.699997,142.699997,234300,0.03327349238009347,-0.02258045788585683,-0.08398270347702752
2018-07-05,143.399994,143.399994,139.449997,142.050003,142.050003,673600,-0.014007609566651702,-0.03116280556853379,-0.09691608181831324
2018-07-06,142.600006,145.149994,141.449997,142.449997,142.449997,315100,-0.009107173455264572,-0.0663858946866478,-0.11161793000181763
2018-07-09,142.449997,143.449997,139.600006,141.100006,141.100006,325600,-0.01259772649357771,-0.042110694645074886,-0.1434643486421825
2018-07-10,141.0,141.649994,139.699997,140.100006,140.100006,291300,-0.008295064614027403,-0.02956917410280102,-0.1509158644177795
2018-07-11,138.5,141.300003,138.399994,139.0,139.0,209600,0.0056922704884279085,-0.014131134677757728,-0.17140489259180303
2018-07-12,138.899994,140.850006,138.5,140.0,140.0,334300,0.002459434033447394,-0.015501660685263374,-0.18883305705834896
2018-07-13,139.449997,139.699997,134.449997,135.350006,135.350006,357500,-0.03140685536531507,-0.08483151830058855,-0.21831238861903213
2018-07-16,135.550003,137.550003,133.949997,136.199997,136.199997,312300,0.004401405794453694,-0.06439331184182961,-0.20363610683852063
2018-07-17,135.5,139.850006,135.5,139.449997,139.449997,309200,0.021515146885039194,-0.03914380808645035,-0.18730940180856237
2018-07-18,140.199997,140.5,138.0,139.600006,139.600006,223800,-0.005806417574011569,-0.021920419825065984,-0.15882473171959965
2018-07-19,139.5,140.75,138.600006,138.75,138.75,234100,-0.0036522487637506984,-0.013487419115346455,-0.18420801465797254
2018-07-20,139.0,139.899994,137.0,137.25,137.25,366000,-0.011699539936071979,-0.02264511682319892,-0.1772066248591413
2018-07-23,137.050003,144.449997,136.149994,143.050003,143.050003,335600,0.04006214744514924,0.01845118294436432,-0.13744635068664124
2018-07-24,143.050003,143.75,137.350006,138.100006,138.100006,400200,-0.03511685419586641,0.01332254533085564,-0.15912595246409467
2018-07-25,138.300003,146.449997,138.300003,145.300003,145.300003,348400,0.03936780083378277,0.047795621689370016,-0.09940094277996447
2018-07-26,144.399994,146.649994,142.300003,144.25,144.25,285600,-0.0017267377112490934,0.02396394202494445,-0.09277338951675507
2018-07-27,143.75,144.125,138.25,141.050003,141.050003,321900,-0.010648393467244333,0.009197371184122893,-0.11493478737735607
2018-07-30,140.899994,140.949997,135.399994,139.300003,139.300003,432300,-0.005585854588763262,0.004630257670160454,-0.11047194273307337
2018-07-31,139.300003,143.0,138.350006,142.25,142.25,251400,0.018624127090242304,0.03063436578471812,-0.10079616434515604
2018-08-01,142.25,146.350006,141.649994,144.899994,144.899994,361400,0.021229863186076336,0.010579196035062743,-0.0627765653702177
2018-08-02,143.649994,147.0,142.350006,146.800003,146.800003,195800,0.012188330440223716,0.05867783043246,-0.03541160042312974
2018-08-03,145.050003,147.850006,142.25,146.050003,146.050003,263300,0.0030856679748580973,0.007160258814203679,-0.04060023690678971
2018-08-06,146.0,150.949997,145.149994,148.050003,148.050003,534000,0.010390325541357548,0.021445084910579837,-0.060120675837573856
2018-08-07,148.449997,149.600006,145.350006,148.550003,148.550003,345200,-0.00021205606356566875,0.03784604243842615,-0.016987700847591825
2018-08-08,148.550003,148.550003,120.199997,124.650002,124.650002,1909000,-0.17573025390772656,-0.13058957192800236,-0.16901590747598938
2018-08-09,125.400002,127.050003,122.099998,124.099998,124.099998,739700,-0.009156738021655286,-0.14965234079723988,-0.1557942265134784
2018-08-10,123.900002,127.099998,123.75,124.349998,124.349998,450800,0.005606906711307147,-0.1599991785094268,-0.1464704602152631
2018-08-13,124.800003,125.800003,121.050003,121.550003,121.550003,264300,-0.021603610695078324,-0.18687254865846992,-0.19970369119574283
2018-08-14,121.900002,123.800003,120.25,122.650002,122.650002,236200,0.001871053228216013,-0.1744768976787281,-0.183914329016984
2018-08-15,121.800003,124.150002,118.599998,123.849998,123.849998,339000,0.02008406492760706,-0.16717837926025592,-0.16091316041118198
2018-08-16,124.0,128.774994,123.574997,128.300003,128.300003,423500,0.030828165086583148,-0.14031778400478423,-0.11519479020730117
2018-08-17,128.25,129.0,125.300003,125.699997,125.699997,336700,-0.024235606744766436,0.011040787832754084,-0.12840594554043427
2018-08-20,126.550003,126.550003,122.449997,125.0,125.0,258400,-0.013416446568593088,0.0060107937679694246,-0.13565229806775125
2018-08-21,125.349998,127.400002,124.599998,127.0,127.0,199000,0.012570697798415686,0.010665952612485263,-0.12030284691751447
2018-08-22,126.650002,129.850006,126.150002,129.399994,129.399994,159300,0.021190848909165005,0.04854582434308963,-0.06632634855206465
2018-08-23,129.100006,131.0,128.399994,129.350006,129.350006,180500,0.0030925267435488735,0.04721200596733066,-0.07230901120782374
2018-08-24,129.5,130.0,127.099998,129.100006,129.100006,171300,-0.007395358637936944,0.02173012788102202,-0.1000392244437096
2018-08-27,129.800003,131.550003,128.899994,130.800003,130.800003,189400,0.003506092678287054,-0.00024083669714602962,-0.09351520707938121
2018-08-28,130.899994,132.0,129.25,131.5,131.5,242000,0.005928614071895488,0.028618120500006228,-0.08630040592508159
2018-08-29,131.449997,135.0,131.199997,134.75,134.75,434600,0.020178781118927347,0.055356665709657804,-0.05765051553489453
2018-08-30,134.399994,136.050003,132.899994,135.800003,135.800003,218400,0.013051311203348348,0.05375191585484629,-0.0850021140070325
2018-08-31,135.300003,139.699997,134.850006,138.850006,138.850006,279600,0.024813505485572485,0.05670898659761292,-0.02293990728530737
2018-09-04,138.75,140.925003,136.800003,140.600006,140.600006,251000,0.0133281148706752,0.06958313051057363,-0.05052150238662012
2018-09-05,140.25,140.399994,133.100006,138.75,138.75,344800,-0.009718227109538624,0.06725924051170473,-0.056743925956949326
2018-09-06,138.949997,142.75,138.949997,142.449997,142.449997,305300,0.02854967285638743,0.09179454270179654,-0.010918035561707562
2018-09-07,142.199997,145.300003,141.850006,142.100006,142.100006,252400,-0.001895042007251213,0.08648223063567162,-0.004448432959570425
2018-09-10,142.75,144.550003,141.899994,143.0,143.0,157200,0.00322933235236178,0.07217063952842029,-0.016114241791192363
2018-09-11,142.949997,148.949997,141.300003,148.100006,148.100006,454400,0.029725711602260674,0.09127870589962317,-0.004302604142472077
2018-09-12,148.199997,154.25,148.050003,154.0,154.0,470500,0.03817185194076789,0.10791038709448308,0.026292649376715715
2018-09-13,155.149994,156.649994,153.600006,155.050003,155.050003,314200,-0.003171768849800749,0.09525664014218549,0.03757487894136169
2018-09-14,155.800003,157.149994,154.300003,156.800003,156.800003,325300,0.006879755922645003,0.11664286531995227,0.03845385445242311
2018-09-17,156.649994,158.699997,151.550003,152.949997,152.949997,726500,-0.0187135538915717,0.06739180167108927,0.018627723670955554
2018-09-18,152.699997,155.699997,151.550003,152.149994,152.149994,259700,-0.008291695309427638,0.057037099376100464,0.1831782383445324
2018-09-19,152.399994,153.600006,148.300003,150.5,150.5,205300,-0.013009821492600437,0.04046333404428282,0.17400143305033033
2018-09-20,151.449997,152.300003,149.949997,151.300003,151.300003,177700,-0.004758100610467331,0.006644610477002821,0.16234118484395754
2018-09-21,150.699997,152.100006,148.75,149.350006,149.350006,239800,-0.006581326718717584,-0.04466707679455073,0.1684981212406349
2018-09-24,149.25,152.100006,148.574997,151.899994,151.899994,171100,0.01844189717718603,-0.025742119349352777,0.186309657270737
2018-09-25,152.199997,156.199997,151.425003,155.649994,155.649994,135800,0.024535253089042364,-0.010996701360506123,0.1946355323521729
2018-09-26,156.199997,156.199997,153.205002,154.25,154.25,123300,-0.008780959414204759,0.002537588099346344,0.16148309577508613
2018-09-27,154.649994,154.649994,147.5,149.149994,149.149994,306400,-0.037018800228827864,-0.023245213057247582,0.14889223745453073
2018-09-28,148.850006,151.324997,148.399994,149.699997,149.699997,190500,0.004337706520813889,-0.007401301546074102,0.1605893377362868
2018-10-01,149.940002,150.554993,146.770004,147.649994,147.649994,363400,-0.014809567439688642,-0.022316040107846824,0.12935919212362545
2018-10-02,146.96000700000002,149.479996,141.550003,142.570007,142.570007,184800,-0.0302007366036543,-0.044327227679911374,0.0756250692176339
2018-10-03,142.679993,143.130005,140.470001,141.119995,141.119995,362000,-0.008883554047359965,-0.07571276149748662,0.06338488980591972
2018-10-04,140.41000400000001,140.429993,136.380005,137.509995,137.509995,517500,-0.01477490714188523,-0.1191171138318401,0.05378829063931079
2018-10-05,137.139999,139.529999,130.899994,135.320007,135.320007,257800,-0.007496147435457345,-0.12388751316443258,0.037836419307799574
2018-10-08,136.059998,137.58999599999999,131.070007,134.53999299999998,134.53999299999998,356600,-0.013629435502908294,-0.0928915455995849,0.0273825713549396
2018-10-09,133.96000700000002,136.509995,132.399994,133.53999299999998,133.53999299999998,216400,-0.0023872216217730724,-0.10262080119386852,0.002611870832760488
2018-10-10,133.350006,134.755005,130.270004,131.0,131.0,373700,0.013398001483245991,-0.07098489867945013,0.004622377589329041
2018-10-11,130.58999599999999,136.279999,129.199997,133.520004,133.520004,427200,0.03980872779902178,0.0034713100652936646,0.022387392685314644
2018-10-12,135.800003,139.699997,134.115005,136.940002,136.940002,339300,0.009591272496406233,0.025590519637469278,0.019392278932815366
2018-10-15,136.440002,138.0,133.889999,136.149994,136.149994,357600,0.002601472683727124,0.04343820457938552,0.029967254706991575
2018-10-16,137.46000700000002,142.800003,136.419998,142.53999299999998,142.53999299999998,241800,0.02091539937859377,0.0785467095596033,0.02458858616560633
2018-10-17,142.369995,144.470001,140.21000700000002,142.350006,142.350006,284200,0.0007348823460420206,0.08285134736768374,0.023751688086951717
2018-10-18,142.100006,142.399994,139.720001,140.83999599999999,140.83999599999999,142600,0.003020036032821416,0.09272503272122545,0.023166264025565653
2018-10-19,141.119995,142.619995,136.009995,136.970001,136.970001,203900,-0.027005666032578368,0.05101102687656578,-0.03564530143372835
2018-10-22,137.199997,139.220001,134.300003,136.800003,136.800003,240100,0.0036122362812243125,0.014236353587664397,-0.07128664082150404
2018-10-23,134.070007,138.720001,133.389999,138.25,138.25,288000,0.02350234034630372,0.019121699827436167,-0.056742661381933956
2018-10-24,138.25,141.149994,137.279999,138.320007,138.320007,316700,0.030827621736500888,0.05084195585615259,-0.03583365475680811
2018-10-25,138.350006,138.58999599999999,132.639999,138.080002,138.080002,317500,-0.013361668113854641,0.0060539781649699975,-0.03674923734051294
2018-10-26,136.610001,140.41499299999998,135.050003,137.949997,137.949997,345800,0.013204315626771823,0.023672216097878618,-0.00961319519127013
2018-10-29,139.559998,140.240005,135.514999,137.330002,137.330002,300800,-0.0005550134150231756,0.021916847712675214,0.004619777693958049
2018-10-30,137.149994,140.850006,135.419998,135.699997,135.699997,638500,-0.02638980789464007,0.021932566001398257,-0.020357345909332913
2018-10-31,136.509995,139.399994,134.800003,136.0,136.0,411800,-0.006009705856279801,0.010281135414112796,-0.016338428612840517
2018-11-01,137.009995,142.809998,137.009995,141.16000400000001,141.16000400000001,577600,0.021488964402059274,0.02094708825410141,-0.01005345377847977
2018-11-02,141.449997,144.350006,137.559998,137.75,137.75,445600,-0.01831712003782826,-0.029026795181682274,-0.05386374857798426
2018-11-05,137.800003,140.46000700000002,135.744995,140.139999,140.139999,661800,0.012468669109043873,0.0027803467749105693,-0.036506478664948716
2018-11-06,142.850006,148.419998,138.5,147.71000700000002,147.71000700000002,1341600,0.027248790343844753,0.03261240775044705,0.0462444256164245
2018-11-07,148.0,158.479996,147.119995,156.479996,156.479996,744900,0.041485219674353147,0.06722583792708292,0.07924691716711507
2018-11-08,155.050003,160.5,153.190002,155.580002,155.580002,741900,0.0032520111938847407,0.09145538943383968,0.0934140836323536
2018-11-09,154.179993,154.21000700000002,147.110001,150.199997,150.199997,441800,-0.021457074694122724,0.07408915053874399,0.10207794960581484
2018-11-12,150.520004,150.520004,136.740005,137.649994,137.649994,400300,-0.072032765267525,-0.020002872378388048,0.045656435340618806
2018-11-13,137.740005,141.740005,133.600006,134.169998,134.169998,381100,-0.023373311635171312,-0.026009545610805596,0.03924381964305024
2018-11-14,136.270004,136.600006,129.330002,129.929993,129.929993,320500,-0.03428809961319512,-0.062141978367785455,0.025239056131698412
2018-11-15,129.369995,134.529999,129.03999299999998,134.259995,134.259995,209200,0.023575751168321446,-0.08626685594611505,0.05286911526989435
2018-11-16,134.119995,138.429993,131.889999,136.570007,136.570007,257500,0.01160177005524865,-0.10811868254959034,0.07374903581139325
2018-11-19,136.33999599999999,136.83999599999999,121.839996,123.349998,123.349998,534000,-0.08536580358954371,-0.18989101924567553,-0.02549203693387181
2018-11-20,123.050003,125.623001,120.120003,122.040001,122.040001,335400,-0.003442441655033157,-0.15629920625129756,-0.05769256671077638
2018-11-21,123.400002,128.100006,121.059998,125.639999,125.639999,214400,0.020932473974376364,-0.06291069647328751,-0.04284478077013798
2018-11-23,124.779999,126.809998,124.269997,125.41999799999999,125.41999799999999,72200,0.005419769267593466,-0.03396332281804337,-0.038157707754378656
2018-11-26,126.32,130.25,125.400002,129.240005,129.240005,223700,0.014031363104980876,0.005142450710453161,-0.04816520271745173
2018-11-27,128.740005,132.21000700000002,127.5,129.96000700000002,129.96000700000002,341200,0.00254062432891633,-0.014802707269431004,-0.04478493936722039
2018-11-28,131.130005,135.419998,128.21000700000002,135.330002,135.330002,225900,0.012266892295826892,-0.011865604204603919,-0.030841601114436124
2018-11-29,134.169998,138.869995,132.279999,137.729996,137.729996,245400,0.025884342610846822,0.09292721987855757,0.016424156068119977
2018-11-30,136.869995,140.475006,136.869995,139.220001,139.220001,280600,0.008871716909398586,0.08790884071206317,0.015979920413622395
2018-12-03,139.25,145.529999,139.25,145.190002,145.190002,298300,0.041818910251744335,0.0929815299954404,0.031015049397866257
2018-12-04,145.199997,147.699997,138.695007,139.330002,139.330002,423200,-0.011216241907248126,0.07985990767519091,-0.009139755935340332
2018-12-06,136.919998,141.03999299999998,131.399994,136.309998,136.309998,566100,-0.016570933272473276,0.04487963538515505,-0.009339545497266677
2018-12-07,135.630005,136.934998,129.800003,131.720001,131.720001,238300,-0.007396965857425997,0.031923546470798314,-0.03653360899430069
2018-12-10,131.550003,133.429993,128.699997,132.580002,132.580002,173100,0.00519515456255526,0.018895290916565166,-0.03386315791054617
2018-12-11,134.630005,136.533005,125.269997,127.870003,127.870003,409700,-0.04108077053506598,-0.0366848622767062,-0.04219327220998448
2018-12-12,129.740005,131.399994,126.790001,130.33999599999999,130.33999599999999,284000,0.0073110264034284,-0.0255801466705865,-0.019881361671076903
2018-12-13,131.570007,131.990005,125.089996,126.33000200000001,126.33000200000001,203100,-0.03756768035025626,-0.08773485867729036,-0.07766689753352551
2018-12-14,125.07,129.199997,123.650002,125.400002,125.400002,303700,0.014005008284643239,-0.06755476872194155,-0.04766772947559961
2018-12-17,124.400002,124.43,118.25,118.68,118.68,202800,-0.029623902182176032,-0.08125017508382548,-0.09337006735600273
2018-12-18,118.839996,121.510002,118.470001,120.91999799999999,120.91999799999999,372700,0.02273298610631791,-0.051981325735203754,-0.1211273424799515
2018-12-19,120.519997,123.230003,117.279999,118.239998,118.239998,285100,-0.0032342512709773175,-0.06362576312892276,-0.16471475896655186
2018-12-20,117.66999799999999,119.629997,115.010002,116.720001,116.720001,685200,0.0037186991270869996,-0.024850785460020397,-0.15849944710384456
2018-12-21,116.730003,118.720001,113.5,116.0,116.0,349100,0.013702578030851065,-0.023962759452389015,-0.1179332716622099
2018-12-24,115.199997,115.199997,110.839996,113.41999799999999,113.41999799999999,119500,0.005246725351619297,0.012080240389403585,-0.04558378476573388
2018-12-26,114.449997,124.760002,114.360001,124.519997,124.519997,564900,0.04102460774154881,0.04516334967752922,0.023505165812735207
2018-12-27,122.559998,126.660004,120.440002,126.660004,126.660004,294300,0.01411502605935322,0.08776272568041232,0.05653463669219505
2018-12-28,127.139999,127.139999,123.620003,124.660004,124.660004,189400,-0.014470549284858691,0.054476819455421044,0.0196163329215846
2018-12-31,125.82,126.730003,120.83000200000001,122.199997,122.199997,405900,-0.03235369761349993,0.03298640605960301,-0.023609670357358503
2019-01-02,120.589996,124.849998,119.639999,123.07,123.07,394600,0.007094239486754361,0.03585370829376977,0.06724528043560074
2019-01-03,122.089996,122.565002,115.550003,115.839996,115.839996,321600,-0.03472146971987389,-0.014236764206269292,0.024129170382818366
2019-01-04,117.400002,125.089996,116.599998,123.400002,123.400002,689400,0.02682810305842498,0.010230964137438292,0.02755787584499192
2019-01-07,124.08000200000001,124.08000200000001,119.510002,121.019997,121.019997,328000,-0.030508217136044458,-0.06119576220640344,-0.0037272735756248565
2019-01-08,122.5,124.900002,120.654999,123.510002,123.510002,271300,0.0057610246582395774,-0.05899181762144856,-0.007599631639706672
2019-01-09,124.779999,125.940002,122.120003,124.129997,124.129997,278900,-0.007143419240946081,-0.04340030505761572,-0.008981264866600114
2019-01-10,122.970001,130.16000400000001,121.839996,129.639999,129.639999,343800,0.04387340861248212,0.02391111200368634,0.012167045850931757
2019-01-11,129.300003,130.360001,126.25,126.849998,126.849998,282200,-0.022274069520400452,-0.0035252638501175326,-0.029207203293074357
2019-01-14,125.199997,129.720001,123.010002,127.589996,127.589996,211400,0.018018544577830475,0.04303790084428183,-0.02074176948496298
2019-01-15,127.589996,133.0,127.199997,132.259995,132.259995,229300,0.026246731670470425,0.03885912475011288,-0.0265645294003356
2019-01-16,133.25,138.130005,133.25,137.270004,137.270004,444700,0.029206549385124347,0.10028108538670466,0.016693904135888893
2019-01-17,136.66000400000001,139.130005,135.0,138.440002,138.440002,363800,0.0027678196914262543,0.09048781281405738,0.03800854578919566
2019-01-18,140.08999599999999,142.33999599999999,137.520004,142.0,142.0,327700,0.00623645090719549,0.10186335704472071,0.06095854570732229
2019-01-22,140.369995,142.380005,139.53999299999998,140.729996,140.729996,334200,0.012004280103623977,0.06821415932336894,0.06148591425773553
